2026-07-11 22:18:25,949 [ERROR] Internal Server Error: /admin/banners/bannercarousel/add/
Traceback (most recent call last):
  File "C:\Users\C\AppData\Local\Programs\Python\Python314\Lib\site-packages\django\db\models\query.py", line 987, in get_or_create
    return self.get(**kwargs), False
           ~~~~~~~~^^^^^^^^^^
  File "C:\Users\C\AppData\Local\Programs\Python\Python314\Lib\site-packages\django\db\models\query.py", line 639, in get
    raise self.model.DoesNotExist(
        "%s matching query does not exist." % self.model._meta.object_name
    )
themes.models.Theme.DoesNotExist: Theme matching query does not exist.

During handling of the above exception, another exception occurred:

Traceback (most recent call last):
  File "C:\Users\C\AppData\Local\Programs\Python\Python314\Lib\site-packages\django\core\handlers\exception.py", line 55, in inner
    response = get_response(request)
  File "C:\Users\C\AppData\Local\Programs\Python\Python314\Lib\site-packages\django\core\handlers\base.py", line 221, in _get_response
    response = response.render()
  File "C:\Users\C\AppData\Local\Programs\Python\Python314\Lib\site-packages\django\template\response.py", line 114, in render
    self.content = self.rendered_content
                   ^^^^^^^^^^^^^^^^^^^^^
  File "C:\Users\C\AppData\Local\Programs\Python\Python314\Lib\site-packages\django\template\response.py", line 92, in rendered_content
    return template.render(context, self._request)
           ~~~~~~~~~~~~~~~^^^^^^^^^^^^^^^^^^^^^^^^
  File "C:\Users\C\AppData\Local\Programs\Python\Python314\Lib\site-packages\django\template\backends\django.py", line 107, in render
    return self.template.render(context)
           ~~~~~~~~~~~~~~~~~~~~^^^^^^^^^
  File "C:\Users\C\AppData\Local\Programs\Python\Python314\Lib\site-packages\django\template\base.py", line 172, in render
    with context.bind_template(self):
         ~~~~~~~~~~~~~~~~~~~~~^^^^^^
  File "C:\Users\C\AppData\Local\Programs\Python\Python314\Lib\contextlib.py", line 141, in __enter__
    return next(self.gen)
  File "C:\Users\C\AppData\Local\Programs\Python\Python314\Lib\site-packages\django\template\context.py", line 263, in bind_template
    context = processor(self.request)
  File "C:\my django\my-ecommerce\themes\context_processors.py", line 14, in layout_processor
    active_theme = get_active_theme(request)
  File "C:\my django\my-ecommerce\themes\services.py", line 619, in get_active_theme
    active_theme = ensure_default_theme()
  File "C:\my django\my-ecommerce\themes\services.py", line 141, in ensure_default_theme
    theme, _ = Theme.objects.get_or_create(
               ~~~~~~~~~~~~~~~~~~~~~~~~~~~^
        slug=payload["slug"],
        ^^^^^^^^^^^^^^^^^^^^^
        defaults=payload,
        ^^^^^^^^^^^^^^^^^
    )
    ^
  File "C:\Users\C\AppData\Local\Programs\Python\Python314\Lib\site-packages\django\db\models\manager.py", line 87, in manager_method
    return getattr(self.get_queryset(), name)(*args, **kwargs)
           ~~~~~~~~~~~~~~~~~~~~~~~~~~~~~~~~~~^^^^^^^^^^^^^^^^^
  File "C:\Users\C\AppData\Local\Programs\Python\Python314\Lib\site-packages\django\db\models\query.py", line 989, in get_or_create
    params = self._extract_model_params(defaults, **kwargs)
  File "C:\Users\C\AppData\Local\Programs\Python\Python314\Lib\site-packages\django\db\models\query.py", line 1087, in _extract_model_params
    raise exceptions.FieldError(
    ...<5 lines>...
    )
django.core.exceptions.FieldError: Invalid field name(s) for model Theme: 'accent_color', 'bg_color', 'border_color', 'button_color', 'hover_color', 'primary_color', 'secondary_color', 'text_color'.
2026-07-11 22:18:26,908 [ERROR] Internal Server Error: /admin/banners/bannercarousel/1/change/
Traceback (most recent call last):
  File "C:\Users\C\AppData\Local\Programs\Python\Python314\Lib\site-packages\django\db\models\query.py", line 987, in get_or_create
    return self.get(**kwargs), False
           ~~~~~~~~^^^^^^^^^^
  File "C:\Users\C\AppData\Local\Programs\Python\Python314\Lib\site-packages\django\db\models\query.py", line 639, in get
    raise self.model.DoesNotExist(
        "%s matching query does not exist." % self.model._meta.object_name
    )
themes.models.Theme.DoesNotExist: Theme matching query does not exist.

During handling of the above exception, another exception occurred:

Traceback (most recent call last):
  File "C:\Users\C\AppData\Local\Programs\Python\Python314\Lib\site-packages\django\core\handlers\exception.py", line 55, in inner
    response = get_response(request)
  File "C:\Users\C\AppData\Local\Programs\Python\Python314\Lib\site-packages\django\core\handlers\base.py", line 221, in _get_response
    response = response.render()
  File "C:\Users\C\AppData\Local\Programs\Python\Python314\Lib\site-packages\django\template\response.py", line 114, in render
    self.content = self.rendered_content
                   ^^^^^^^^^^^^^^^^^^^^^
  File "C:\Users\C\AppData\Local\Programs\Python\Python314\Lib\site-packages\django\template\response.py", line 92, in rendered_content
    return template.render(context, self._request)
           ~~~~~~~~~~~~~~~^^^^^^^^^^^^^^^^^^^^^^^^
  File "C:\Users\C\AppData\Local\Programs\Python\Python314\Lib\site-packages\django\template\backends\django.py", line 107, in render
    return self.template.render(context)
           ~~~~~~~~~~~~~~~~~~~~^^^^^^^^^
  File "C:\Users\C\AppData\Local\Programs\Python\Python314\Lib\site-packages\django\template\base.py", line 172, in render
    with context.bind_template(self):
         ~~~~~~~~~~~~~~~~~~~~~^^^^^^
  File "C:\Users\C\AppData\Local\Programs\Python\Python314\Lib\contextlib.py", line 141, in __enter__
    return next(self.gen)
  File "C:\Users\C\AppData\Local\Programs\Python\Python314\Lib\site-packages\django\template\context.py", line 263, in bind_template
    context = processor(self.request)
  File "C:\my django\my-ecommerce\themes\context_processors.py", line 14, in layout_processor
    active_theme = get_active_theme(request)
  File "C:\my django\my-ecommerce\themes\services.py", line 619, in get_active_theme
    active_theme = ensure_default_theme()
  File "C:\my django\my-ecommerce\themes\services.py", line 141, in ensure_default_theme
    theme, _ = Theme.objects.get_or_create(
               ~~~~~~~~~~~~~~~~~~~~~~~~~~~^
        slug=payload["slug"],
        ^^^^^^^^^^^^^^^^^^^^^
        defaults=payload,
        ^^^^^^^^^^^^^^^^^
    )
    ^
  File "C:\Users\C\AppData\Local\Programs\Python\Python314\Lib\site-packages\django\db\models\manager.py", line 87, in manager_method
    return getattr(self.get_queryset(), name)(*args, **kwargs)
           ~~~~~~~~~~~~~~~~~~~~~~~~~~~~~~~~~~^^^^^^^^^^^^^^^^^
  File "C:\Users\C\AppData\Local\Programs\Python\Python314\Lib\site-packages\django\db\models\query.py", line 989, in get_or_create
    params = self._extract_model_params(defaults, **kwargs)
  File "C:\Users\C\AppData\Local\Programs\Python\Python314\Lib\site-packages\django\db\models\query.py", line 1087, in _extract_model_params
    raise exceptions.FieldError(
    ...<5 lines>...
    )
django.core.exceptions.FieldError: Invalid field name(s) for model Theme: 'accent_color', 'bg_color', 'border_color', 'button_color', 'hover_color', 'primary_color', 'secondary_color', 'text_color'.
2026-07-11 22:18:31,952 [ERROR] Internal Server Error: /home/
Traceback (most recent call last):
  File "C:\Users\C\AppData\Local\Programs\Python\Python314\Lib\site-packages\django\db\models\query.py", line 987, in get_or_create
    return self.get(**kwargs), False
           ~~~~~~~~^^^^^^^^^^
  File "C:\Users\C\AppData\Local\Programs\Python\Python314\Lib\site-packages\django\db\models\query.py", line 639, in get
    raise self.model.DoesNotExist(
        "%s matching query does not exist." % self.model._meta.object_name
    )
themes.models.Theme.DoesNotExist: Theme matching query does not exist.

During handling of the above exception, another exception occurred:

Traceback (most recent call last):
  File "C:\Users\C\AppData\Local\Programs\Python\Python314\Lib\site-packages\django\core\handlers\exception.py", line 55, in inner
    response = get_response(request)
  File "C:\Users\C\AppData\Local\Programs\Python\Python314\Lib\site-packages\django\core\handlers\base.py", line 198, in _get_response
    response = wrapped_callback(request, *callback_args, **callback_kwargs)
  File "C:\my django\my-ecommerce\core\views.py", line 202, in home
    return render(request, "core/home.html", context)
  File "C:\Users\C\AppData\Local\Programs\Python\Python314\Lib\site-packages\django\shortcuts.py", line 25, in render
    content = loader.render_to_string(template_name, context, request, using=using)
  File "C:\Users\C\AppData\Local\Programs\Python\Python314\Lib\site-packages\django\template\loader.py", line 62, in render_to_string
    return template.render(context, request)
           ~~~~~~~~~~~~~~~^^^^^^^^^^^^^^^^^^
  File "C:\Users\C\AppData\Local\Programs\Python\Python314\Lib\site-packages\django\template\backends\django.py", line 107, in render
    return self.template.render(context)
           ~~~~~~~~~~~~~~~~~~~~^^^^^^^^^
  File "C:\Users\C\AppData\Local\Programs\Python\Python314\Lib\site-packages\django\template\base.py", line 172, in render
    with context.bind_template(self):
         ~~~~~~~~~~~~~~~~~~~~~^^^^^^
  File "C:\Users\C\AppData\Local\Programs\Python\Python314\Lib\contextlib.py", line 141, in __enter__
    return next(self.gen)
  File "C:\Users\C\AppData\Local\Programs\Python\Python314\Lib\site-packages\django\template\context.py", line 263, in bind_template
    context = processor(self.request)
  File "C:\my django\my-ecommerce\themes\context_processors.py", line 14, in layout_processor
    active_theme = get_active_theme(request)
  File "C:\my django\my-ecommerce\themes\services.py", line 619, in get_active_theme
    active_theme = ensure_default_theme()
  File "C:\my django\my-ecommerce\themes\services.py", line 141, in ensure_default_theme
    theme, _ = Theme.objects.get_or_create(
               ~~~~~~~~~~~~~~~~~~~~~~~~~~~^
        slug=payload["slug"],
        ^^^^^^^^^^^^^^^^^^^^^
        defaults=payload,
        ^^^^^^^^^^^^^^^^^
    )
    ^
  File "C:\Users\C\AppData\Local\Programs\Python\Python314\Lib\site-packages\django\db\models\manager.py", line 87, in manager_method
    return getattr(self.get_queryset(), name)(*args, **kwargs)
           ~~~~~~~~~~~~~~~~~~~~~~~~~~~~~~~~~~^^^^^^^^^^^^^^^^^
  File "C:\Users\C\AppData\Local\Programs\Python\Python314\Lib\site-packages\django\db\models\query.py", line 989, in get_or_create
    params = self._extract_model_params(defaults, **kwargs)
  File "C:\Users\C\AppData\Local\Programs\Python\Python314\Lib\site-packages\django\db\models\query.py", line 1087, in _extract_model_params
    raise exceptions.FieldError(
    ...<5 lines>...
    )
django.core.exceptions.FieldError: Invalid field name(s) for model Theme: 'accent_color', 'bg_color', 'border_color', 'button_color', 'hover_color', 'primary_color', 'secondary_color', 'text_color'.
2026-07-11 22:18:31,992 [ERROR] Internal Server Error: /home/
Traceback (most recent call last):
  File "C:\Users\C\AppData\Local\Programs\Python\Python314\Lib\site-packages\django\db\models\query.py", line 987, in get_or_create
    return self.get(**kwargs), False
           ~~~~~~~~^^^^^^^^^^
  File "C:\Users\C\AppData\Local\Programs\Python\Python314\Lib\site-packages\django\db\models\query.py", line 639, in get
    raise self.model.DoesNotExist(
        "%s matching query does not exist." % self.model._meta.object_name
    )
themes.models.Theme.DoesNotExist: Theme matching query does not exist.

During handling of the above exception, another exception occurred:

Traceback (most recent call last):
  File "C:\Users\C\AppData\Local\Programs\Python\Python314\Lib\site-packages\django\core\handlers\exception.py", line 55, in inner
    response = get_response(request)
  File "C:\Users\C\AppData\Local\Programs\Python\Python314\Lib\site-packages\django\core\handlers\base.py", line 198, in _get_response
    response = wrapped_callback(request, *callback_args, **callback_kwargs)
  File "C:\my django\my-ecommerce\core\views.py", line 202, in home
    return render(request, "core/home.html", context)
  File "C:\Users\C\AppData\Local\Programs\Python\Python314\Lib\site-packages\django\shortcuts.py", line 25, in render
    content = loader.render_to_string(template_name, context, request, using=using)
  File "C:\Users\C\AppData\Local\Programs\Python\Python314\Lib\site-packages\django\template\loader.py", line 62, in render_to_string
    return template.render(context, request)
           ~~~~~~~~~~~~~~~^^^^^^^^^^^^^^^^^^
  File "C:\Users\C\AppData\Local\Programs\Python\Python314\Lib\site-packages\django\template\backends\django.py", line 107, in render
    return self.template.render(context)
           ~~~~~~~~~~~~~~~~~~~~^^^^^^^^^
  File "C:\Users\C\AppData\Local\Programs\Python\Python314\Lib\site-packages\django\template\base.py", line 172, in render
    with context.bind_template(self):
         ~~~~~~~~~~~~~~~~~~~~~^^^^^^
  File "C:\Users\C\AppData\Local\Programs\Python\Python314\Lib\contextlib.py", line 141, in __enter__
    return next(self.gen)
  File "C:\Users\C\AppData\Local\Programs\Python\Python314\Lib\site-packages\django\template\context.py", line 263, in bind_template
    context = processor(self.request)
  File "C:\my django\my-ecommerce\themes\context_processors.py", line 14, in layout_processor
    active_theme = get_active_theme(request)
  File "C:\my django\my-ecommerce\themes\services.py", line 619, in get_active_theme
    active_theme = ensure_default_theme()
  File "C:\my django\my-ecommerce\themes\services.py", line 141, in ensure_default_theme
    theme, _ = Theme.objects.get_or_create(
               ~~~~~~~~~~~~~~~~~~~~~~~~~~~^
        slug=payload["slug"],
        ^^^^^^^^^^^^^^^^^^^^^
        defaults=payload,
        ^^^^^^^^^^^^^^^^^
    )
    ^
  File "C:\Users\C\AppData\Local\Programs\Python\Python314\Lib\site-packages\django\db\models\manager.py", line 87, in manager_method
    return getattr(self.get_queryset(), name)(*args, **kwargs)
           ~~~~~~~~~~~~~~~~~~~~~~~~~~~~~~~~~~^^^^^^^^^^^^^^^^^
  File "C:\Users\C\AppData\Local\Programs\Python\Python314\Lib\site-packages\django\db\models\query.py", line 989, in get_or_create
    params = self._extract_model_params(defaults, **kwargs)
  File "C:\Users\C\AppData\Local\Programs\Python\Python314\Lib\site-packages\django\db\models\query.py", line 1087, in _extract_model_params
    raise exceptions.FieldError(
    ...<5 lines>...
    )
django.core.exceptions.FieldError: Invalid field name(s) for model Theme: 'accent_color', 'bg_color', 'border_color', 'button_color', 'hover_color', 'primary_color', 'secondary_color', 'text_color'.
2026-07-11 22:18:32,013 [ERROR] Internal Server Error: /home/
Traceback (most recent call last):
  File "C:\Users\C\AppData\Local\Programs\Python\Python314\Lib\site-packages\django\db\models\query.py", line 987, in get_or_create
    return self.get(**kwargs), False
           ~~~~~~~~^^^^^^^^^^
  File "C:\Users\C\AppData\Local\Programs\Python\Python314\Lib\site-packages\django\db\models\query.py", line 639, in get
    raise self.model.DoesNotExist(
        "%s matching query does not exist." % self.model._meta.object_name
    )
themes.models.Theme.DoesNotExist: Theme matching query does not exist.

During handling of the above exception, another exception occurred:

Traceback (most recent call last):
  File "C:\Users\C\AppData\Local\Programs\Python\Python314\Lib\site-packages\django\core\handlers\exception.py", line 55, in inner
    response = get_response(request)
  File "C:\Users\C\AppData\Local\Programs\Python\Python314\Lib\site-packages\django\core\handlers\base.py", line 198, in _get_response
    response = wrapped_callback(request, *callback_args, **callback_kwargs)
  File "C:\my django\my-ecommerce\core\views.py", line 202, in home
    return render(request, "core/home.html", context)
  File "C:\Users\C\AppData\Local\Programs\Python\Python314\Lib\site-packages\django\shortcuts.py", line 25, in render
    content = loader.render_to_string(template_name, context, request, using=using)
  File "C:\Users\C\AppData\Local\Programs\Python\Python314\Lib\site-packages\django\template\loader.py", line 62, in render_to_string
    return template.render(context, request)
           ~~~~~~~~~~~~~~~^^^^^^^^^^^^^^^^^^
  File "C:\Users\C\AppData\Local\Programs\Python\Python314\Lib\site-packages\django\template\backends\django.py", line 107, in render
    return self.template.render(context)
           ~~~~~~~~~~~~~~~~~~~~^^^^^^^^^
  File "C:\Users\C\AppData\Local\Programs\Python\Python314\Lib\site-packages\django\template\base.py", line 172, in render
    with context.bind_template(self):
         ~~~~~~~~~~~~~~~~~~~~~^^^^^^
  File "C:\Users\C\AppData\Local\Programs\Python\Python314\Lib\contextlib.py", line 141, in __enter__
    return next(self.gen)
  File "C:\Users\C\AppData\Local\Programs\Python\Python314\Lib\site-packages\django\template\context.py", line 263, in bind_template
    context = processor(self.request)
  File "C:\my django\my-ecommerce\themes\context_processors.py", line 14, in layout_processor
    active_theme = get_active_theme(request)
  File "C:\my django\my-ecommerce\themes\services.py", line 619, in get_active_theme
    active_theme = ensure_default_theme()
  File "C:\my django\my-ecommerce\themes\services.py", line 141, in ensure_default_theme
    theme, _ = Theme.objects.get_or_create(
               ~~~~~~~~~~~~~~~~~~~~~~~~~~~^
        slug=payload["slug"],
        ^^^^^^^^^^^^^^^^^^^^^
        defaults=payload,
        ^^^^^^^^^^^^^^^^^
    )
    ^
  File "C:\Users\C\AppData\Local\Programs\Python\Python314\Lib\site-packages\django\db\models\manager.py", line 87, in manager_method
    return getattr(self.get_queryset(), name)(*args, **kwargs)
           ~~~~~~~~~~~~~~~~~~~~~~~~~~~~~~~~~~^^^^^^^^^^^^^^^^^
  File "C:\Users\C\AppData\Local\Programs\Python\Python314\Lib\site-packages\django\db\models\query.py", line 989, in get_or_create
    params = self._extract_model_params(defaults, **kwargs)
  File "C:\Users\C\AppData\Local\Programs\Python\Python314\Lib\site-packages\django\db\models\query.py", line 1087, in _extract_model_params
    raise exceptions.FieldError(
    ...<5 lines>...
    )
django.core.exceptions.FieldError: Invalid field name(s) for model Theme: 'accent_color', 'bg_color', 'border_color', 'button_color', 'hover_color', 'primary_color', 'secondary_color', 'text_color'.
2026-07-11 22:18:32,034 [ERROR] Internal Server Error: /home/
Traceback (most recent call last):
  File "C:\Users\C\AppData\Local\Programs\Python\Python314\Lib\site-packages\django\db\models\query.py", line 987, in get_or_create
    return self.get(**kwargs), False
           ~~~~~~~~^^^^^^^^^^
  File "C:\Users\C\AppData\Local\Programs\Python\Python314\Lib\site-packages\django\db\models\query.py", line 639, in get
    raise self.model.DoesNotExist(
        "%s matching query does not exist." % self.model._meta.object_name
    )
themes.models.Theme.DoesNotExist: Theme matching query does not exist.

During handling of the above exception, another exception occurred:

Traceback (most recent call last):
  File "C:\Users\C\AppData\Local\Programs\Python\Python314\Lib\site-packages\django\core\handlers\exception.py", line 55, in inner
    response = get_response(request)
  File "C:\Users\C\AppData\Local\Programs\Python\Python314\Lib\site-packages\django\core\handlers\base.py", line 198, in _get_response
    response = wrapped_callback(request, *callback_args, **callback_kwargs)
  File "C:\my django\my-ecommerce\core\views.py", line 202, in home
    return render(request, "core/home.html", context)
  File "C:\Users\C\AppData\Local\Programs\Python\Python314\Lib\site-packages\django\shortcuts.py", line 25, in render
    content = loader.render_to_string(template_name, context, request, using=using)
  File "C:\Users\C\AppData\Local\Programs\Python\Python314\Lib\site-packages\django\template\loader.py", line 62, in render_to_string
    return template.render(context, request)
           ~~~~~~~~~~~~~~~^^^^^^^^^^^^^^^^^^
  File "C:\Users\C\AppData\Local\Programs\Python\Python314\Lib\site-packages\django\template\backends\django.py", line 107, in render
    return self.template.render(context)
           ~~~~~~~~~~~~~~~~~~~~^^^^^^^^^
  File "C:\Users\C\AppData\Local\Programs\Python\Python314\Lib\site-packages\django\template\base.py", line 172, in render
    with context.bind_template(self):
         ~~~~~~~~~~~~~~~~~~~~~^^^^^^
  File "C:\Users\C\AppData\Local\Programs\Python\Python314\Lib\contextlib.py", line 141, in __enter__
    return next(self.gen)
  File "C:\Users\C\AppData\Local\Programs\Python\Python314\Lib\site-packages\django\template\context.py", line 263, in bind_template
    context = processor(self.request)
  File "C:\my django\my-ecommerce\themes\context_processors.py", line 14, in layout_processor
    active_theme = get_active_theme(request)
  File "C:\my django\my-ecommerce\themes\services.py", line 619, in get_active_theme
    active_theme = ensure_default_theme()
  File "C:\my django\my-ecommerce\themes\services.py", line 141, in ensure_default_theme
    theme, _ = Theme.objects.get_or_create(
               ~~~~~~~~~~~~~~~~~~~~~~~~~~~^
        slug=payload["slug"],
        ^^^^^^^^^^^^^^^^^^^^^
        defaults=payload,
        ^^^^^^^^^^^^^^^^^
    )
    ^
  File "C:\Users\C\AppData\Local\Programs\Python\Python314\Lib\site-packages\django\db\models\manager.py", line 87, in manager_method
    return getattr(self.get_queryset(), name)(*args, **kwargs)
           ~~~~~~~~~~~~~~~~~~~~~~~~~~~~~~~~~~^^^^^^^^^^^^^^^^^
  File "C:\Users\C\AppData\Local\Programs\Python\Python314\Lib\site-packages\django\db\models\query.py", line 989, in get_or_create
    params = self._extract_model_params(defaults, **kwargs)
  File "C:\Users\C\AppData\Local\Programs\Python\Python314\Lib\site-packages\django\db\models\query.py", line 1087, in _extract_model_params
    raise exceptions.FieldError(
    ...<5 lines>...
    )
django.core.exceptions.FieldError: Invalid field name(s) for model Theme: 'accent_color', 'bg_color', 'border_color', 'button_color', 'hover_color', 'primary_color', 'secondary_color', 'text_color'.
2026-07-11 22:18:32,054 [ERROR] Internal Server Error: /home/
Traceback (most recent call last):
  File "C:\Users\C\AppData\Local\Programs\Python\Python314\Lib\site-packages\django\db\models\query.py", line 987, in get_or_create
    return self.get(**kwargs), False
           ~~~~~~~~^^^^^^^^^^
  File "C:\Users\C\AppData\Local\Programs\Python\Python314\Lib\site-packages\django\db\models\query.py", line 639, in get
    raise self.model.DoesNotExist(
        "%s matching query does not exist." % self.model._meta.object_name
    )
themes.models.Theme.DoesNotExist: Theme matching query does not exist.

During handling of the above exception, another exception occurred:

Traceback (most recent call last):
  File "C:\Users\C\AppData\Local\Programs\Python\Python314\Lib\site-packages\django\core\handlers\exception.py", line 55, in inner
    response = get_response(request)
  File "C:\Users\C\AppData\Local\Programs\Python\Python314\Lib\site-packages\django\core\handlers\base.py", line 198, in _get_response
    response = wrapped_callback(request, *callback_args, **callback_kwargs)
  File "C:\my django\my-ecommerce\core\views.py", line 202, in home
    return render(request, "core/home.html", context)
  File "C:\Users\C\AppData\Local\Programs\Python\Python314\Lib\site-packages\django\shortcuts.py", line 25, in render
    content = loader.render_to_string(template_name, context, request, using=using)
  File "C:\Users\C\AppData\Local\Programs\Python\Python314\Lib\site-packages\django\template\loader.py", line 62, in render_to_string
    return template.render(context, request)
           ~~~~~~~~~~~~~~~^^^^^^^^^^^^^^^^^^
  File "C:\Users\C\AppData\Local\Programs\Python\Python314\Lib\site-packages\django\template\backends\django.py", line 107, in render
    return self.template.render(context)
           ~~~~~~~~~~~~~~~~~~~~^^^^^^^^^
  File "C:\Users\C\AppData\Local\Programs\Python\Python314\Lib\site-packages\django\template\base.py", line 172, in render
    with context.bind_template(self):
         ~~~~~~~~~~~~~~~~~~~~~^^^^^^
  File "C:\Users\C\AppData\Local\Programs\Python\Python314\Lib\contextlib.py", line 141, in __enter__
    return next(self.gen)
  File "C:\Users\C\AppData\Local\Programs\Python\Python314\Lib\site-packages\django\template\context.py", line 263, in bind_template
    context = processor(self.request)
  File "C:\my django\my-ecommerce\themes\context_processors.py", line 14, in layout_processor
    active_theme = get_active_theme(request)
  File "C:\my django\my-ecommerce\themes\services.py", line 619, in get_active_theme
    active_theme = ensure_default_theme()
  File "C:\my django\my-ecommerce\themes\services.py", line 141, in ensure_default_theme
    theme, _ = Theme.objects.get_or_create(
               ~~~~~~~~~~~~~~~~~~~~~~~~~~~^
        slug=payload["slug"],
        ^^^^^^^^^^^^^^^^^^^^^
        defaults=payload,
        ^^^^^^^^^^^^^^^^^
    )
    ^
  File "C:\Users\C\AppData\Local\Programs\Python\Python314\Lib\site-packages\django\db\models\manager.py", line 87, in manager_method
    return getattr(self.get_queryset(), name)(*args, **kwargs)
           ~~~~~~~~~~~~~~~~~~~~~~~~~~~~~~~~~~^^^^^^^^^^^^^^^^^
  File "C:\Users\C\AppData\Local\Programs\Python\Python314\Lib\site-packages\django\db\models\query.py", line 989, in get_or_create
    params = self._extract_model_params(defaults, **kwargs)
  File "C:\Users\C\AppData\Local\Programs\Python\Python314\Lib\site-packages\django\db\models\query.py", line 1087, in _extract_model_params
    raise exceptions.FieldError(
    ...<5 lines>...
    )
django.core.exceptions.FieldError: Invalid field name(s) for model Theme: 'accent_color', 'bg_color', 'border_color', 'button_color', 'hover_color', 'primary_color', 'secondary_color', 'text_color'.
2026-07-11 22:18:32,074 [ERROR] Internal Server Error: /home/
Traceback (most recent call last):
  File "C:\Users\C\AppData\Local\Programs\Python\Python314\Lib\site-packages\django\db\models\query.py", line 987, in get_or_create
    return self.get(**kwargs), False
           ~~~~~~~~^^^^^^^^^^
  File "C:\Users\C\AppData\Local\Programs\Python\Python314\Lib\site-packages\django\db\models\query.py", line 639, in get
    raise self.model.DoesNotExist(
        "%s matching query does not exist." % self.model._meta.object_name
    )
themes.models.Theme.DoesNotExist: Theme matching query does not exist.

During handling of the above exception, another exception occurred:

Traceback (most recent call last):
  File "C:\Users\C\AppData\Local\Programs\Python\Python314\Lib\site-packages\django\core\handlers\exception.py", line 55, in inner
    response = get_response(request)
  File "C:\Users\C\AppData\Local\Programs\Python\Python314\Lib\site-packages\django\core\handlers\base.py", line 198, in _get_response
    response = wrapped_callback(request, *callback_args, **callback_kwargs)
  File "C:\my django\my-ecommerce\core\views.py", line 202, in home
    return render(request, "core/home.html", context)
  File "C:\Users\C\AppData\Local\Programs\Python\Python314\Lib\site-packages\django\shortcuts.py", line 25, in render
    content = loader.render_to_string(template_name, context, request, using=using)
  File "C:\Users\C\AppData\Local\Programs\Python\Python314\Lib\site-packages\django\template\loader.py", line 62, in render_to_string
    return template.render(context, request)
           ~~~~~~~~~~~~~~~^^^^^^^^^^^^^^^^^^
  File "C:\Users\C\AppData\Local\Programs\Python\Python314\Lib\site-packages\django\template\backends\django.py", line 107, in render
    return self.template.render(context)
           ~~~~~~~~~~~~~~~~~~~~^^^^^^^^^
  File "C:\Users\C\AppData\Local\Programs\Python\Python314\Lib\site-packages\django\template\base.py", line 172, in render
    with context.bind_template(self):
         ~~~~~~~~~~~~~~~~~~~~~^^^^^^
  File "C:\Users\C\AppData\Local\Programs\Python\Python314\Lib\contextlib.py", line 141, in __enter__
    return next(self.gen)
  File "C:\Users\C\AppData\Local\Programs\Python\Python314\Lib\site-packages\django\template\context.py", line 263, in bind_template
    context = processor(self.request)
  File "C:\my django\my-ecommerce\themes\context_processors.py", line 14, in layout_processor
    active_theme = get_active_theme(request)
  File "C:\my django\my-ecommerce\themes\services.py", line 619, in get_active_theme
    active_theme = ensure_default_theme()
  File "C:\my django\my-ecommerce\themes\services.py", line 141, in ensure_default_theme
    theme, _ = Theme.objects.get_or_create(
               ~~~~~~~~~~~~~~~~~~~~~~~~~~~^
        slug=payload["slug"],
        ^^^^^^^^^^^^^^^^^^^^^
        defaults=payload,
        ^^^^^^^^^^^^^^^^^
    )
    ^
  File "C:\Users\C\AppData\Local\Programs\Python\Python314\Lib\site-packages\django\db\models\manager.py", line 87, in manager_method
    return getattr(self.get_queryset(), name)(*args, **kwargs)
           ~~~~~~~~~~~~~~~~~~~~~~~~~~~~~~~~~~^^^^^^^^^^^^^^^^^
  File "C:\Users\C\AppData\Local\Programs\Python\Python314\Lib\site-packages\django\db\models\query.py", line 989, in get_or_create
    params = self._extract_model_params(defaults, **kwargs)
  File "C:\Users\C\AppData\Local\Programs\Python\Python314\Lib\site-packages\django\db\models\query.py", line 1087, in _extract_model_params
    raise exceptions.FieldError(
    ...<5 lines>...
    )
django.core.exceptions.FieldError: Invalid field name(s) for model Theme: 'accent_color', 'bg_color', 'border_color', 'button_color', 'hover_color', 'primary_color', 'secondary_color', 'text_color'.
2026-07-11 22:18:32,095 [ERROR] Internal Server Error: /home/
Traceback (most recent call last):
  File "C:\Users\C\AppData\Local\Programs\Python\Python314\Lib\site-packages\django\db\models\query.py", line 987, in get_or_create
    return self.get(**kwargs), False
           ~~~~~~~~^^^^^^^^^^
  File "C:\Users\C\AppData\Local\Programs\Python\Python314\Lib\site-packages\django\db\models\query.py", line 639, in get
    raise self.model.DoesNotExist(
        "%s matching query does not exist." % self.model._meta.object_name
    )
themes.models.Theme.DoesNotExist: Theme matching query does not exist.

During handling of the above exception, another exception occurred:

Traceback (most recent call last):
  File "C:\Users\C\AppData\Local\Programs\Python\Python314\Lib\site-packages\django\core\handlers\exception.py", line 55, in inner
    response = get_response(request)
  File "C:\Users\C\AppData\Local\Programs\Python\Python314\Lib\site-packages\django\core\handlers\base.py", line 198, in _get_response
    response = wrapped_callback(request, *callback_args, **callback_kwargs)
  File "C:\my django\my-ecommerce\core\views.py", line 202, in home
    return render(request, "core/home.html", context)
  File "C:\Users\C\AppData\Local\Programs\Python\Python314\Lib\site-packages\django\shortcuts.py", line 25, in render
    content = loader.render_to_string(template_name, context, request, using=using)
  File "C:\Users\C\AppData\Local\Programs\Python\Python314\Lib\site-packages\django\template\loader.py", line 62, in render_to_string
    return template.render(context, request)
           ~~~~~~~~~~~~~~~^^^^^^^^^^^^^^^^^^
  File "C:\Users\C\AppData\Local\Programs\Python\Python314\Lib\site-packages\django\template\backends\django.py", line 107, in render
    return self.template.render(context)
           ~~~~~~~~~~~~~~~~~~~~^^^^^^^^^
  File "C:\Users\C\AppData\Local\Programs\Python\Python314\Lib\site-packages\django\template\base.py", line 172, in render
    with context.bind_template(self):
         ~~~~~~~~~~~~~~~~~~~~~^^^^^^
  File "C:\Users\C\AppData\Local\Programs\Python\Python314\Lib\contextlib.py", line 141, in __enter__
    return next(self.gen)
  File "C:\Users\C\AppData\Local\Programs\Python\Python314\Lib\site-packages\django\template\context.py", line 263, in bind_template
    context = processor(self.request)
  File "C:\my django\my-ecommerce\themes\context_processors.py", line 14, in layout_processor
    active_theme = get_active_theme(request)
  File "C:\my django\my-ecommerce\themes\services.py", line 619, in get_active_theme
    active_theme = ensure_default_theme()
  File "C:\my django\my-ecommerce\themes\services.py", line 141, in ensure_default_theme
    theme, _ = Theme.objects.get_or_create(
               ~~~~~~~~~~~~~~~~~~~~~~~~~~~^
        slug=payload["slug"],
        ^^^^^^^^^^^^^^^^^^^^^
        defaults=payload,
        ^^^^^^^^^^^^^^^^^
    )
    ^
  File "C:\Users\C\AppData\Local\Programs\Python\Python314\Lib\site-packages\django\db\models\manager.py", line 87, in manager_method
    return getattr(self.get_queryset(), name)(*args, **kwargs)
           ~~~~~~~~~~~~~~~~~~~~~~~~~~~~~~~~~~^^^^^^^^^^^^^^^^^
  File "C:\Users\C\AppData\Local\Programs\Python\Python314\Lib\site-packages\django\db\models\query.py", line 989, in get_or_create
    params = self._extract_model_params(defaults, **kwargs)
  File "C:\Users\C\AppData\Local\Programs\Python\Python314\Lib\site-packages\django\db\models\query.py", line 1087, in _extract_model_params
    raise exceptions.FieldError(
    ...<5 lines>...
    )
django.core.exceptions.FieldError: Invalid field name(s) for model Theme: 'accent_color', 'bg_color', 'border_color', 'button_color', 'hover_color', 'primary_color', 'secondary_color', 'text_color'.
2026-07-11 22:18:32,125 [ERROR] Internal Server Error: /home/
Traceback (most recent call last):
  File "C:\Users\C\AppData\Local\Programs\Python\Python314\Lib\site-packages\django\db\models\query.py", line 987, in get_or_create
    return self.get(**kwargs), False
           ~~~~~~~~^^^^^^^^^^
  File "C:\Users\C\AppData\Local\Programs\Python\Python314\Lib\site-packages\django\db\models\query.py", line 639, in get
    raise self.model.DoesNotExist(
        "%s matching query does not exist." % self.model._meta.object_name
    )
themes.models.Theme.DoesNotExist: Theme matching query does not exist.

During handling of the above exception, another exception occurred:

Traceback (most recent call last):
  File "C:\Users\C\AppData\Local\Programs\Python\Python314\Lib\site-packages\django\core\handlers\exception.py", line 55, in inner
    response = get_response(request)
  File "C:\Users\C\AppData\Local\Programs\Python\Python314\Lib\site-packages\django\core\handlers\base.py", line 198, in _get_response
    response = wrapped_callback(request, *callback_args, **callback_kwargs)
  File "C:\my django\my-ecommerce\core\views.py", line 202, in home
    return render(request, "core/home.html", context)
  File "C:\Users\C\AppData\Local\Programs\Python\Python314\Lib\site-packages\django\shortcuts.py", line 25, in render
    content = loader.render_to_string(template_name, context, request, using=using)
  File "C:\Users\C\AppData\Local\Programs\Python\Python314\Lib\site-packages\django\template\loader.py", line 62, in render_to_string
    return template.render(context, request)
           ~~~~~~~~~~~~~~~^^^^^^^^^^^^^^^^^^
  File "C:\Users\C\AppData\Local\Programs\Python\Python314\Lib\site-packages\django\template\backends\django.py", line 107, in render
    return self.template.render(context)
           ~~~~~~~~~~~~~~~~~~~~^^^^^^^^^
  File "C:\Users\C\AppData\Local\Programs\Python\Python314\Lib\site-packages\django\template\base.py", line 172, in render
    with context.bind_template(self):
         ~~~~~~~~~~~~~~~~~~~~~^^^^^^
  File "C:\Users\C\AppData\Local\Programs\Python\Python314\Lib\contextlib.py", line 141, in __enter__
    return next(self.gen)
  File "C:\Users\C\AppData\Local\Programs\Python\Python314\Lib\site-packages\django\template\context.py", line 263, in bind_template
    context = processor(self.request)
  File "C:\my django\my-ecommerce\themes\context_processors.py", line 14, in layout_processor
    active_theme = get_active_theme(request)
  File "C:\my django\my-ecommerce\themes\services.py", line 619, in get_active_theme
    active_theme = ensure_default_theme()
  File "C:\my django\my-ecommerce\themes\services.py", line 141, in ensure_default_theme
    theme, _ = Theme.objects.get_or_create(
               ~~~~~~~~~~~~~~~~~~~~~~~~~~~^
        slug=payload["slug"],
        ^^^^^^^^^^^^^^^^^^^^^
        defaults=payload,
        ^^^^^^^^^^^^^^^^^
    )
    ^
  File "C:\Users\C\AppData\Local\Programs\Python\Python314\Lib\site-packages\django\db\models\manager.py", line 87, in manager_method
    return getattr(self.get_queryset(), name)(*args, **kwargs)
           ~~~~~~~~~~~~~~~~~~~~~~~~~~~~~~~~~~^^^^^^^^^^^^^^^^^
  File "C:\Users\C\AppData\Local\Programs\Python\Python314\Lib\site-packages\django\db\models\query.py", line 989, in get_or_create
    params = self._extract_model_params(defaults, **kwargs)
  File "C:\Users\C\AppData\Local\Programs\Python\Python314\Lib\site-packages\django\db\models\query.py", line 1087, in _extract_model_params
    raise exceptions.FieldError(
    ...<5 lines>...
    )
django.core.exceptions.FieldError: Invalid field name(s) for model Theme: 'accent_color', 'bg_color', 'border_color', 'button_color', 'hover_color', 'primary_color', 'secondary_color', 'text_color'.
2026-07-11 22:18:32,158 [ERROR] Internal Server Error: /home/
Traceback (most recent call last):
  File "C:\Users\C\AppData\Local\Programs\Python\Python314\Lib\site-packages\django\db\models\query.py", line 987, in get_or_create
    return self.get(**kwargs), False
           ~~~~~~~~^^^^^^^^^^
  File "C:\Users\C\AppData\Local\Programs\Python\Python314\Lib\site-packages\django\db\models\query.py", line 639, in get
    raise self.model.DoesNotExist(
        "%s matching query does not exist." % self.model._meta.object_name
    )
themes.models.Theme.DoesNotExist: Theme matching query does not exist.

During handling of the above exception, another exception occurred:

Traceback (most recent call last):
  File "C:\Users\C\AppData\Local\Programs\Python\Python314\Lib\site-packages\django\core\handlers\exception.py", line 55, in inner
    response = get_response(request)
  File "C:\Users\C\AppData\Local\Programs\Python\Python314\Lib\site-packages\django\core\handlers\base.py", line 198, in _get_response
    response = wrapped_callback(request, *callback_args, **callback_kwargs)
  File "C:\my django\my-ecommerce\core\views.py", line 202, in home
    return render(request, "core/home.html", context)
  File "C:\Users\C\AppData\Local\Programs\Python\Python314\Lib\site-packages\django\shortcuts.py", line 25, in render
    content = loader.render_to_string(template_name, context, request, using=using)
  File "C:\Users\C\AppData\Local\Programs\Python\Python314\Lib\site-packages\django\template\loader.py", line 62, in render_to_string
    return template.render(context, request)
           ~~~~~~~~~~~~~~~^^^^^^^^^^^^^^^^^^
  File "C:\Users\C\AppData\Local\Programs\Python\Python314\Lib\site-packages\django\template\backends\django.py", line 107, in render
    return self.template.render(context)
           ~~~~~~~~~~~~~~~~~~~~^^^^^^^^^
  File "C:\Users\C\AppData\Local\Programs\Python\Python314\Lib\site-packages\django\template\base.py", line 172, in render
    with context.bind_template(self):
         ~~~~~~~~~~~~~~~~~~~~~^^^^^^
  File "C:\Users\C\AppData\Local\Programs\Python\Python314\Lib\contextlib.py", line 141, in __enter__
    return next(self.gen)
  File "C:\Users\C\AppData\Local\Programs\Python\Python314\Lib\site-packages\django\template\context.py", line 263, in bind_template
    context = processor(self.request)
  File "C:\my django\my-ecommerce\themes\context_processors.py", line 14, in layout_processor
    active_theme = get_active_theme(request)
  File "C:\my django\my-ecommerce\themes\services.py", line 619, in get_active_theme
    active_theme = ensure_default_theme()
  File "C:\my django\my-ecommerce\themes\services.py", line 141, in ensure_default_theme
    theme, _ = Theme.objects.get_or_create(
               ~~~~~~~~~~~~~~~~~~~~~~~~~~~^
        slug=payload["slug"],
        ^^^^^^^^^^^^^^^^^^^^^
        defaults=payload,
        ^^^^^^^^^^^^^^^^^
    )
    ^
  File "C:\Users\C\AppData\Local\Programs\Python\Python314\Lib\site-packages\django\db\models\manager.py", line 87, in manager_method
    return getattr(self.get_queryset(), name)(*args, **kwargs)
           ~~~~~~~~~~~~~~~~~~~~~~~~~~~~~~~~~~^^^^^^^^^^^^^^^^^
  File "C:\Users\C\AppData\Local\Programs\Python\Python314\Lib\site-packages\django\db\models\query.py", line 989, in get_or_create
    params = self._extract_model_params(defaults, **kwargs)
  File "C:\Users\C\AppData\Local\Programs\Python\Python314\Lib\site-packages\django\db\models\query.py", line 1087, in _extract_model_params
    raise exceptions.FieldError(
    ...<5 lines>...
    )
django.core.exceptions.FieldError: Invalid field name(s) for model Theme: 'accent_color', 'bg_color', 'border_color', 'button_color', 'hover_color', 'primary_color', 'secondary_color', 'text_color'.
2026-07-11 22:18:32,179 [ERROR] Internal Server Error: /home/
Traceback (most recent call last):
  File "C:\Users\C\AppData\Local\Programs\Python\Python314\Lib\site-packages\django\db\models\query.py", line 987, in get_or_create
    return self.get(**kwargs), False
           ~~~~~~~~^^^^^^^^^^
  File "C:\Users\C\AppData\Local\Programs\Python\Python314\Lib\site-packages\django\db\models\query.py", line 639, in get
    raise self.model.DoesNotExist(
        "%s matching query does not exist." % self.model._meta.object_name
    )
themes.models.Theme.DoesNotExist: Theme matching query does not exist.

During handling of the above exception, another exception occurred:

Traceback (most recent call last):
  File "C:\Users\C\AppData\Local\Programs\Python\Python314\Lib\site-packages\django\core\handlers\exception.py", line 55, in inner
    response = get_response(request)
  File "C:\Users\C\AppData\Local\Programs\Python\Python314\Lib\site-packages\django\core\handlers\base.py", line 198, in _get_response
    response = wrapped_callback(request, *callback_args, **callback_kwargs)
  File "C:\my django\my-ecommerce\core\views.py", line 202, in home
    return render(request, "core/home.html", context)
  File "C:\Users\C\AppData\Local\Programs\Python\Python314\Lib\site-packages\django\shortcuts.py", line 25, in render
    content = loader.render_to_string(template_name, context, request, using=using)
  File "C:\Users\C\AppData\Local\Programs\Python\Python314\Lib\site-packages\django\template\loader.py", line 62, in render_to_string
    return template.render(context, request)
           ~~~~~~~~~~~~~~~^^^^^^^^^^^^^^^^^^
  File "C:\Users\C\AppData\Local\Programs\Python\Python314\Lib\site-packages\django\template\backends\django.py", line 107, in render
    return self.template.render(context)
           ~~~~~~~~~~~~~~~~~~~~^^^^^^^^^
  File "C:\Users\C\AppData\Local\Programs\Python\Python314\Lib\site-packages\django\template\base.py", line 172, in render
    with context.bind_template(self):
         ~~~~~~~~~~~~~~~~~~~~~^^^^^^
  File "C:\Users\C\AppData\Local\Programs\Python\Python314\Lib\contextlib.py", line 141, in __enter__
    return next(self.gen)
  File "C:\Users\C\AppData\Local\Programs\Python\Python314\Lib\site-packages\django\template\context.py", line 263, in bind_template
    context = processor(self.request)
  File "C:\my django\my-ecommerce\themes\context_processors.py", line 14, in layout_processor
    active_theme = get_active_theme(request)
  File "C:\my django\my-ecommerce\themes\services.py", line 619, in get_active_theme
    active_theme = ensure_default_theme()
  File "C:\my django\my-ecommerce\themes\services.py", line 141, in ensure_default_theme
    theme, _ = Theme.objects.get_or_create(
               ~~~~~~~~~~~~~~~~~~~~~~~~~~~^
        slug=payload["slug"],
        ^^^^^^^^^^^^^^^^^^^^^
        defaults=payload,
        ^^^^^^^^^^^^^^^^^
    )
    ^
  File "C:\Users\C\AppData\Local\Programs\Python\Python314\Lib\site-packages\django\db\models\manager.py", line 87, in manager_method
    return getattr(self.get_queryset(), name)(*args, **kwargs)
           ~~~~~~~~~~~~~~~~~~~~~~~~~~~~~~~~~~^^^^^^^^^^^^^^^^^
  File "C:\Users\C\AppData\Local\Programs\Python\Python314\Lib\site-packages\django\db\models\query.py", line 989, in get_or_create
    params = self._extract_model_params(defaults, **kwargs)
  File "C:\Users\C\AppData\Local\Programs\Python\Python314\Lib\site-packages\django\db\models\query.py", line 1087, in _extract_model_params
    raise exceptions.FieldError(
    ...<5 lines>...
    )
django.core.exceptions.FieldError: Invalid field name(s) for model Theme: 'accent_color', 'bg_color', 'border_color', 'button_color', 'hover_color', 'primary_color', 'secondary_color', 'text_color'.
2026-07-11 22:18:32,200 [ERROR] Internal Server Error: /home/
Traceback (most recent call last):
  File "C:\Users\C\AppData\Local\Programs\Python\Python314\Lib\site-packages\django\db\models\query.py", line 987, in get_or_create
    return self.get(**kwargs), False
           ~~~~~~~~^^^^^^^^^^
  File "C:\Users\C\AppData\Local\Programs\Python\Python314\Lib\site-packages\django\db\models\query.py", line 639, in get
    raise self.model.DoesNotExist(
        "%s matching query does not exist." % self.model._meta.object_name
    )
themes.models.Theme.DoesNotExist: Theme matching query does not exist.

During handling of the above exception, another exception occurred:

Traceback (most recent call last):
  File "C:\Users\C\AppData\Local\Programs\Python\Python314\Lib\site-packages\django\core\handlers\exception.py", line 55, in inner
    response = get_response(request)
  File "C:\Users\C\AppData\Local\Programs\Python\Python314\Lib\site-packages\django\core\handlers\base.py", line 198, in _get_response
    response = wrapped_callback(request, *callback_args, **callback_kwargs)
  File "C:\my django\my-ecommerce\core\views.py", line 202, in home
    return render(request, "core/home.html", context)
  File "C:\Users\C\AppData\Local\Programs\Python\Python314\Lib\site-packages\django\shortcuts.py", line 25, in render
    content = loader.render_to_string(template_name, context, request, using=using)
  File "C:\Users\C\AppData\Local\Programs\Python\Python314\Lib\site-packages\django\template\loader.py", line 62, in render_to_string
    return template.render(context, request)
           ~~~~~~~~~~~~~~~^^^^^^^^^^^^^^^^^^
  File "C:\Users\C\AppData\Local\Programs\Python\Python314\Lib\site-packages\django\template\backends\django.py", line 107, in render
    return self.template.render(context)
           ~~~~~~~~~~~~~~~~~~~~^^^^^^^^^
  File "C:\Users\C\AppData\Local\Programs\Python\Python314\Lib\site-packages\django\template\base.py", line 172, in render
    with context.bind_template(self):
         ~~~~~~~~~~~~~~~~~~~~~^^^^^^
  File "C:\Users\C\AppData\Local\Programs\Python\Python314\Lib\contextlib.py", line 141, in __enter__
    return next(self.gen)
  File "C:\Users\C\AppData\Local\Programs\Python\Python314\Lib\site-packages\django\template\context.py", line 263, in bind_template
    context = processor(self.request)
  File "C:\my django\my-ecommerce\themes\context_processors.py", line 14, in layout_processor
    active_theme = get_active_theme(request)
  File "C:\my django\my-ecommerce\themes\services.py", line 619, in get_active_theme
    active_theme = ensure_default_theme()
  File "C:\my django\my-ecommerce\themes\services.py", line 141, in ensure_default_theme
    theme, _ = Theme.objects.get_or_create(
               ~~~~~~~~~~~~~~~~~~~~~~~~~~~^
        slug=payload["slug"],
        ^^^^^^^^^^^^^^^^^^^^^
        defaults=payload,
        ^^^^^^^^^^^^^^^^^
    )
    ^
  File "C:\Users\C\AppData\Local\Programs\Python\Python314\Lib\site-packages\django\db\models\manager.py", line 87, in manager_method
    return getattr(self.get_queryset(), name)(*args, **kwargs)
           ~~~~~~~~~~~~~~~~~~~~~~~~~~~~~~~~~~^^^^^^^^^^^^^^^^^
  File "C:\Users\C\AppData\Local\Programs\Python\Python314\Lib\site-packages\django\db\models\query.py", line 989, in get_or_create
    params = self._extract_model_params(defaults, **kwargs)
  File "C:\Users\C\AppData\Local\Programs\Python\Python314\Lib\site-packages\django\db\models\query.py", line 1087, in _extract_model_params
    raise exceptions.FieldError(
    ...<5 lines>...
    )
django.core.exceptions.FieldError: Invalid field name(s) for model Theme: 'accent_color', 'bg_color', 'border_color', 'button_color', 'hover_color', 'primary_color', 'secondary_color', 'text_color'.
2026-07-11 22:18:32,223 [ERROR] Internal Server Error: /home/
Traceback (most recent call last):
  File "C:\Users\C\AppData\Local\Programs\Python\Python314\Lib\site-packages\django\db\models\query.py", line 987, in get_or_create
    return self.get(**kwargs), False
           ~~~~~~~~^^^^^^^^^^
  File "C:\Users\C\AppData\Local\Programs\Python\Python314\Lib\site-packages\django\db\models\query.py", line 639, in get
    raise self.model.DoesNotExist(
        "%s matching query does not exist." % self.model._meta.object_name
    )
themes.models.Theme.DoesNotExist: Theme matching query does not exist.

During handling of the above exception, another exception occurred:

Traceback (most recent call last):
  File "C:\Users\C\AppData\Local\Programs\Python\Python314\Lib\site-packages\django\core\handlers\exception.py", line 55, in inner
    response = get_response(request)
  File "C:\Users\C\AppData\Local\Programs\Python\Python314\Lib\site-packages\django\core\handlers\base.py", line 198, in _get_response
    response = wrapped_callback(request, *callback_args, **callback_kwargs)
  File "C:\my django\my-ecommerce\core\views.py", line 202, in home
    return render(request, "core/home.html", context)
  File "C:\Users\C\AppData\Local\Programs\Python\Python314\Lib\site-packages\django\shortcuts.py", line 25, in render
    content = loader.render_to_string(template_name, context, request, using=using)
  File "C:\Users\C\AppData\Local\Programs\Python\Python314\Lib\site-packages\django\template\loader.py", line 62, in render_to_string
    return template.render(context, request)
           ~~~~~~~~~~~~~~~^^^^^^^^^^^^^^^^^^
  File "C:\Users\C\AppData\Local\Programs\Python\Python314\Lib\site-packages\django\template\backends\django.py", line 107, in render
    return self.template.render(context)
           ~~~~~~~~~~~~~~~~~~~~^^^^^^^^^
  File "C:\Users\C\AppData\Local\Programs\Python\Python314\Lib\site-packages\django\template\base.py", line 172, in render
    with context.bind_template(self):
         ~~~~~~~~~~~~~~~~~~~~~^^^^^^
  File "C:\Users\C\AppData\Local\Programs\Python\Python314\Lib\contextlib.py", line 141, in __enter__
    return next(self.gen)
  File "C:\Users\C\AppData\Local\Programs\Python\Python314\Lib\site-packages\django\template\context.py", line 263, in bind_template
    context = processor(self.request)
  File "C:\my django\my-ecommerce\themes\context_processors.py", line 14, in layout_processor
    active_theme = get_active_theme(request)
  File "C:\my django\my-ecommerce\themes\services.py", line 619, in get_active_theme
    active_theme = ensure_default_theme()
  File "C:\my django\my-ecommerce\themes\services.py", line 141, in ensure_default_theme
    theme, _ = Theme.objects.get_or_create(
               ~~~~~~~~~~~~~~~~~~~~~~~~~~~^
        slug=payload["slug"],
        ^^^^^^^^^^^^^^^^^^^^^
        defaults=payload,
        ^^^^^^^^^^^^^^^^^
    )
    ^
  File "C:\Users\C\AppData\Local\Programs\Python\Python314\Lib\site-packages\django\db\models\manager.py", line 87, in manager_method
    return getattr(self.get_queryset(), name)(*args, **kwargs)
           ~~~~~~~~~~~~~~~~~~~~~~~~~~~~~~~~~~^^^^^^^^^^^^^^^^^
  File "C:\Users\C\AppData\Local\Programs\Python\Python314\Lib\site-packages\django\db\models\query.py", line 989, in get_or_create
    params = self._extract_model_params(defaults, **kwargs)
  File "C:\Users\C\AppData\Local\Programs\Python\Python314\Lib\site-packages\django\db\models\query.py", line 1087, in _extract_model_params
    raise exceptions.FieldError(
    ...<5 lines>...
    )
django.core.exceptions.FieldError: Invalid field name(s) for model Theme: 'accent_color', 'bg_color', 'border_color', 'button_color', 'hover_color', 'primary_color', 'secondary_color', 'text_color'.
2026-07-11 22:18:32,719 [ERROR] Internal Server Error: /login/
Traceback (most recent call last):
  File "C:\Users\C\AppData\Local\Programs\Python\Python314\Lib\site-packages\django\db\models\query.py", line 987, in get_or_create
    return self.get(**kwargs), False
           ~~~~~~~~^^^^^^^^^^
  File "C:\Users\C\AppData\Local\Programs\Python\Python314\Lib\site-packages\django\db\models\query.py", line 639, in get
    raise self.model.DoesNotExist(
        "%s matching query does not exist." % self.model._meta.object_name
    )
themes.models.Theme.DoesNotExist: Theme matching query does not exist.

During handling of the above exception, another exception occurred:

Traceback (most recent call last):
  File "C:\Users\C\AppData\Local\Programs\Python\Python314\Lib\site-packages\django\core\handlers\exception.py", line 55, in inner
    response = get_response(request)
  File "C:\Users\C\AppData\Local\Programs\Python\Python314\Lib\site-packages\django\core\handlers\base.py", line 221, in _get_response
    response = response.render()
  File "C:\Users\C\AppData\Local\Programs\Python\Python314\Lib\site-packages\django\template\response.py", line 114, in render
    self.content = self.rendered_content
                   ^^^^^^^^^^^^^^^^^^^^^
  File "C:\Users\C\AppData\Local\Programs\Python\Python314\Lib\site-packages\django\template\response.py", line 92, in rendered_content
    return template.render(context, self._request)
           ~~~~~~~~~~~~~~~^^^^^^^^^^^^^^^^^^^^^^^^
  File "C:\Users\C\AppData\Local\Programs\Python\Python314\Lib\site-packages\django\template\backends\django.py", line 107, in render
    return self.template.render(context)
           ~~~~~~~~~~~~~~~~~~~~^^^^^^^^^
  File "C:\Users\C\AppData\Local\Programs\Python\Python314\Lib\site-packages\django\template\base.py", line 172, in render
    with context.bind_template(self):
         ~~~~~~~~~~~~~~~~~~~~~^^^^^^
  File "C:\Users\C\AppData\Local\Programs\Python\Python314\Lib\contextlib.py", line 141, in __enter__
    return next(self.gen)
  File "C:\Users\C\AppData\Local\Programs\Python\Python314\Lib\site-packages\django\template\context.py", line 263, in bind_template
    context = processor(self.request)
  File "C:\my django\my-ecommerce\themes\context_processors.py", line 14, in layout_processor
    active_theme = get_active_theme(request)
  File "C:\my django\my-ecommerce\themes\services.py", line 619, in get_active_theme
    active_theme = ensure_default_theme()
  File "C:\my django\my-ecommerce\themes\services.py", line 141, in ensure_default_theme
    theme, _ = Theme.objects.get_or_create(
               ~~~~~~~~~~~~~~~~~~~~~~~~~~~^
        slug=payload["slug"],
        ^^^^^^^^^^^^^^^^^^^^^
        defaults=payload,
        ^^^^^^^^^^^^^^^^^
    )
    ^
  File "C:\Users\C\AppData\Local\Programs\Python\Python314\Lib\site-packages\django\db\models\manager.py", line 87, in manager_method
    return getattr(self.get_queryset(), name)(*args, **kwargs)
           ~~~~~~~~~~~~~~~~~~~~~~~~~~~~~~~~~~^^^^^^^^^^^^^^^^^
  File "C:\Users\C\AppData\Local\Programs\Python\Python314\Lib\site-packages\django\db\models\query.py", line 989, in get_or_create
    params = self._extract_model_params(defaults, **kwargs)
  File "C:\Users\C\AppData\Local\Programs\Python\Python314\Lib\site-packages\django\db\models\query.py", line 1087, in _extract_model_params
    raise exceptions.FieldError(
    ...<5 lines>...
    )
django.core.exceptions.FieldError: Invalid field name(s) for model Theme: 'accent_color', 'bg_color', 'border_color', 'button_color', 'hover_color', 'primary_color', 'secondary_color', 'text_color'.
2026-07-11 22:18:33,221 [ERROR] Internal Server Error: /login/
Traceback (most recent call last):
  File "C:\Users\C\AppData\Local\Programs\Python\Python314\Lib\site-packages\django\db\models\query.py", line 987, in get_or_create
    return self.get(**kwargs), False
           ~~~~~~~~^^^^^^^^^^
  File "C:\Users\C\AppData\Local\Programs\Python\Python314\Lib\site-packages\django\db\models\query.py", line 639, in get
    raise self.model.DoesNotExist(
        "%s matching query does not exist." % self.model._meta.object_name
    )
themes.models.Theme.DoesNotExist: Theme matching query does not exist.

During handling of the above exception, another exception occurred:

Traceback (most recent call last):
  File "C:\Users\C\AppData\Local\Programs\Python\Python314\Lib\site-packages\django\core\handlers\exception.py", line 55, in inner
    response = get_response(request)
  File "C:\Users\C\AppData\Local\Programs\Python\Python314\Lib\site-packages\django\core\handlers\base.py", line 221, in _get_response
    response = response.render()
  File "C:\Users\C\AppData\Local\Programs\Python\Python314\Lib\site-packages\django\template\response.py", line 114, in render
    self.content = self.rendered_content
                   ^^^^^^^^^^^^^^^^^^^^^
  File "C:\Users\C\AppData\Local\Programs\Python\Python314\Lib\site-packages\django\template\response.py", line 92, in rendered_content
    return template.render(context, self._request)
           ~~~~~~~~~~~~~~~^^^^^^^^^^^^^^^^^^^^^^^^
  File "C:\Users\C\AppData\Local\Programs\Python\Python314\Lib\site-packages\django\template\backends\django.py", line 107, in render
    return self.template.render(context)
           ~~~~~~~~~~~~~~~~~~~~^^^^^^^^^
  File "C:\Users\C\AppData\Local\Programs\Python\Python314\Lib\site-packages\django\template\base.py", line 172, in render
    with context.bind_template(self):
         ~~~~~~~~~~~~~~~~~~~~~^^^^^^
  File "C:\Users\C\AppData\Local\Programs\Python\Python314\Lib\contextlib.py", line 141, in __enter__
    return next(self.gen)
  File "C:\Users\C\AppData\Local\Programs\Python\Python314\Lib\site-packages\django\template\context.py", line 263, in bind_template
    context = processor(self.request)
  File "C:\my django\my-ecommerce\themes\context_processors.py", line 14, in layout_processor
    active_theme = get_active_theme(request)
  File "C:\my django\my-ecommerce\themes\services.py", line 619, in get_active_theme
    active_theme = ensure_default_theme()
  File "C:\my django\my-ecommerce\themes\services.py", line 141, in ensure_default_theme
    theme, _ = Theme.objects.get_or_create(
               ~~~~~~~~~~~~~~~~~~~~~~~~~~~^
        slug=payload["slug"],
        ^^^^^^^^^^^^^^^^^^^^^
        defaults=payload,
        ^^^^^^^^^^^^^^^^^
    )
    ^
  File "C:\Users\C\AppData\Local\Programs\Python\Python314\Lib\site-packages\django\db\models\manager.py", line 87, in manager_method
    return getattr(self.get_queryset(), name)(*args, **kwargs)
           ~~~~~~~~~~~~~~~~~~~~~~~~~~~~~~~~~~^^^^^^^^^^^^^^^^^
  File "C:\Users\C\AppData\Local\Programs\Python\Python314\Lib\site-packages\django\db\models\query.py", line 989, in get_or_create
    params = self._extract_model_params(defaults, **kwargs)
  File "C:\Users\C\AppData\Local\Programs\Python\Python314\Lib\site-packages\django\db\models\query.py", line 1087, in _extract_model_params
    raise exceptions.FieldError(
    ...<5 lines>...
    )
django.core.exceptions.FieldError: Invalid field name(s) for model Theme: 'accent_color', 'bg_color', 'border_color', 'button_color', 'hover_color', 'primary_color', 'secondary_color', 'text_color'.
2026-07-11 22:18:33,732 [ERROR] Internal Server Error: /home/
Traceback (most recent call last):
  File "C:\Users\C\AppData\Local\Programs\Python\Python314\Lib\site-packages\django\db\models\query.py", line 987, in get_or_create
    return self.get(**kwargs), False
           ~~~~~~~~^^^^^^^^^^
  File "C:\Users\C\AppData\Local\Programs\Python\Python314\Lib\site-packages\django\db\models\query.py", line 639, in get
    raise self.model.DoesNotExist(
        "%s matching query does not exist." % self.model._meta.object_name
    )
themes.models.Theme.DoesNotExist: Theme matching query does not exist.

During handling of the above exception, another exception occurred:

Traceback (most recent call last):
  File "C:\Users\C\AppData\Local\Programs\Python\Python314\Lib\site-packages\django\core\handlers\exception.py", line 55, in inner
    response = get_response(request)
  File "C:\Users\C\AppData\Local\Programs\Python\Python314\Lib\site-packages\django\core\handlers\base.py", line 198, in _get_response
    response = wrapped_callback(request, *callback_args, **callback_kwargs)
  File "C:\my django\my-ecommerce\core\views.py", line 202, in home
    return render(request, "core/home.html", context)
  File "C:\Users\C\AppData\Local\Programs\Python\Python314\Lib\site-packages\django\shortcuts.py", line 25, in render
    content = loader.render_to_string(template_name, context, request, using=using)
  File "C:\Users\C\AppData\Local\Programs\Python\Python314\Lib\site-packages\django\template\loader.py", line 62, in render_to_string
    return template.render(context, request)
           ~~~~~~~~~~~~~~~^^^^^^^^^^^^^^^^^^
  File "C:\Users\C\AppData\Local\Programs\Python\Python314\Lib\site-packages\django\template\backends\django.py", line 107, in render
    return self.template.render(context)
           ~~~~~~~~~~~~~~~~~~~~^^^^^^^^^
  File "C:\Users\C\AppData\Local\Programs\Python\Python314\Lib\site-packages\django\template\base.py", line 172, in render
    with context.bind_template(self):
         ~~~~~~~~~~~~~~~~~~~~~^^^^^^
  File "C:\Users\C\AppData\Local\Programs\Python\Python314\Lib\contextlib.py", line 141, in __enter__
    return next(self.gen)
  File "C:\Users\C\AppData\Local\Programs\Python\Python314\Lib\site-packages\django\template\context.py", line 263, in bind_template
    context = processor(self.request)
  File "C:\my django\my-ecommerce\themes\context_processors.py", line 14, in layout_processor
    active_theme = get_active_theme(request)
  File "C:\my django\my-ecommerce\themes\services.py", line 619, in get_active_theme
    active_theme = ensure_default_theme()
  File "C:\my django\my-ecommerce\themes\services.py", line 141, in ensure_default_theme
    theme, _ = Theme.objects.get_or_create(
               ~~~~~~~~~~~~~~~~~~~~~~~~~~~^
        slug=payload["slug"],
        ^^^^^^^^^^^^^^^^^^^^^
        defaults=payload,
        ^^^^^^^^^^^^^^^^^
    )
    ^
  File "C:\Users\C\AppData\Local\Programs\Python\Python314\Lib\site-packages\django\db\models\manager.py", line 87, in manager_method
    return getattr(self.get_queryset(), name)(*args, **kwargs)
           ~~~~~~~~~~~~~~~~~~~~~~~~~~~~~~~~~~^^^^^^^^^^^^^^^^^
  File "C:\Users\C\AppData\Local\Programs\Python\Python314\Lib\site-packages\django\db\models\query.py", line 989, in get_or_create
    params = self._extract_model_params(defaults, **kwargs)
  File "C:\Users\C\AppData\Local\Programs\Python\Python314\Lib\site-packages\django\db\models\query.py", line 1087, in _extract_model_params
    raise exceptions.FieldError(
    ...<5 lines>...
    )
django.core.exceptions.FieldError: Invalid field name(s) for model Theme: 'accent_color', 'bg_color', 'border_color', 'button_color', 'hover_color', 'primary_color', 'secondary_color', 'text_color'.
2026-07-11 22:18:34,742 [ERROR] Internal Server Error: /cart/
Traceback (most recent call last):
  File "C:\Users\C\AppData\Local\Programs\Python\Python314\Lib\site-packages\django\db\models\query.py", line 987, in get_or_create
    return self.get(**kwargs), False
           ~~~~~~~~^^^^^^^^^^
  File "C:\Users\C\AppData\Local\Programs\Python\Python314\Lib\site-packages\django\db\models\query.py", line 639, in get
    raise self.model.DoesNotExist(
        "%s matching query does not exist." % self.model._meta.object_name
    )
themes.models.Theme.DoesNotExist: Theme matching query does not exist.

During handling of the above exception, another exception occurred:

Traceback (most recent call last):
  File "C:\Users\C\AppData\Local\Programs\Python\Python314\Lib\site-packages\django\core\handlers\exception.py", line 55, in inner
    response = get_response(request)
  File "C:\Users\C\AppData\Local\Programs\Python\Python314\Lib\site-packages\django\core\handlers\base.py", line 198, in _get_response
    response = wrapped_callback(request, *callback_args, **callback_kwargs)
  File "C:\Users\C\AppData\Local\Programs\Python\Python314\Lib\site-packages\django\contrib\auth\decorators.py", line 59, in _view_wrapper
    return view_func(request, *args, **kwargs)
  File "C:\my django\my-ecommerce\cart\views.py", line 60, in cart_detail
    return render(
        request,
    ...<7 lines>...
        },
    )
  File "C:\Users\C\AppData\Local\Programs\Python\Python314\Lib\site-packages\django\shortcuts.py", line 25, in render
    content = loader.render_to_string(template_name, context, request, using=using)
  File "C:\Users\C\AppData\Local\Programs\Python\Python314\Lib\site-packages\django\template\loader.py", line 62, in render_to_string
    return template.render(context, request)
           ~~~~~~~~~~~~~~~^^^^^^^^^^^^^^^^^^
  File "C:\Users\C\AppData\Local\Programs\Python\Python314\Lib\site-packages\django\template\backends\django.py", line 107, in render
    return self.template.render(context)
           ~~~~~~~~~~~~~~~~~~~~^^^^^^^^^
  File "C:\Users\C\AppData\Local\Programs\Python\Python314\Lib\site-packages\django\template\base.py", line 172, in render
    with context.bind_template(self):
         ~~~~~~~~~~~~~~~~~~~~~^^^^^^
  File "C:\Users\C\AppData\Local\Programs\Python\Python314\Lib\contextlib.py", line 141, in __enter__
    return next(self.gen)
  File "C:\Users\C\AppData\Local\Programs\Python\Python314\Lib\site-packages\django\template\context.py", line 263, in bind_template
    context = processor(self.request)
  File "C:\my django\my-ecommerce\themes\context_processors.py", line 14, in layout_processor
    active_theme = get_active_theme(request)
  File "C:\my django\my-ecommerce\themes\services.py", line 619, in get_active_theme
    active_theme = ensure_default_theme()
  File "C:\my django\my-ecommerce\themes\services.py", line 141, in ensure_default_theme
    theme, _ = Theme.objects.get_or_create(
               ~~~~~~~~~~~~~~~~~~~~~~~~~~~^
        slug=payload["slug"],
        ^^^^^^^^^^^^^^^^^^^^^
        defaults=payload,
        ^^^^^^^^^^^^^^^^^
    )
    ^
  File "C:\Users\C\AppData\Local\Programs\Python\Python314\Lib\site-packages\django\db\models\manager.py", line 87, in manager_method
    return getattr(self.get_queryset(), name)(*args, **kwargs)
           ~~~~~~~~~~~~~~~~~~~~~~~~~~~~~~~~~~^^^^^^^^^^^^^^^^^
  File "C:\Users\C\AppData\Local\Programs\Python\Python314\Lib\site-packages\django\db\models\query.py", line 989, in get_or_create
    params = self._extract_model_params(defaults, **kwargs)
  File "C:\Users\C\AppData\Local\Programs\Python\Python314\Lib\site-packages\django\db\models\query.py", line 1087, in _extract_model_params
    raise exceptions.FieldError(
    ...<5 lines>...
    )
django.core.exceptions.FieldError: Invalid field name(s) for model Theme: 'accent_color', 'bg_color', 'border_color', 'button_color', 'hover_color', 'primary_color', 'secondary_color', 'text_color'.
2026-07-11 22:18:34,777 [ERROR] Internal Server Error: /home/
Traceback (most recent call last):
  File "C:\Users\C\AppData\Local\Programs\Python\Python314\Lib\site-packages\django\db\models\query.py", line 987, in get_or_create
    return self.get(**kwargs), False
           ~~~~~~~~^^^^^^^^^^
  File "C:\Users\C\AppData\Local\Programs\Python\Python314\Lib\site-packages\django\db\models\query.py", line 639, in get
    raise self.model.DoesNotExist(
        "%s matching query does not exist." % self.model._meta.object_name
    )
themes.models.Theme.DoesNotExist: Theme matching query does not exist.

During handling of the above exception, another exception occurred:

Traceback (most recent call last):
  File "C:\Users\C\AppData\Local\Programs\Python\Python314\Lib\site-packages\django\core\handlers\exception.py", line 55, in inner
    response = get_response(request)
  File "C:\Users\C\AppData\Local\Programs\Python\Python314\Lib\site-packages\django\core\handlers\base.py", line 198, in _get_response
    response = wrapped_callback(request, *callback_args, **callback_kwargs)
  File "C:\my django\my-ecommerce\core\views.py", line 202, in home
    return render(request, "core/home.html", context)
  File "C:\Users\C\AppData\Local\Programs\Python\Python314\Lib\site-packages\django\shortcuts.py", line 25, in render
    content = loader.render_to_string(template_name, context, request, using=using)
  File "C:\Users\C\AppData\Local\Programs\Python\Python314\Lib\site-packages\django\template\loader.py", line 62, in render_to_string
    return template.render(context, request)
           ~~~~~~~~~~~~~~~^^^^^^^^^^^^^^^^^^
  File "C:\Users\C\AppData\Local\Programs\Python\Python314\Lib\site-packages\django\template\backends\django.py", line 107, in render
    return self.template.render(context)
           ~~~~~~~~~~~~~~~~~~~~^^^^^^^^^
  File "C:\Users\C\AppData\Local\Programs\Python\Python314\Lib\site-packages\django\template\base.py", line 172, in render
    with context.bind_template(self):
         ~~~~~~~~~~~~~~~~~~~~~^^^^^^
  File "C:\Users\C\AppData\Local\Programs\Python\Python314\Lib\contextlib.py", line 141, in __enter__
    return next(self.gen)
  File "C:\Users\C\AppData\Local\Programs\Python\Python314\Lib\site-packages\django\template\context.py", line 263, in bind_template
    context = processor(self.request)
  File "C:\my django\my-ecommerce\themes\context_processors.py", line 14, in layout_processor
    active_theme = get_active_theme(request)
  File "C:\my django\my-ecommerce\themes\services.py", line 619, in get_active_theme
    active_theme = ensure_default_theme()
  File "C:\my django\my-ecommerce\themes\services.py", line 141, in ensure_default_theme
    theme, _ = Theme.objects.get_or_create(
               ~~~~~~~~~~~~~~~~~~~~~~~~~~~^
        slug=payload["slug"],
        ^^^^^^^^^^^^^^^^^^^^^
        defaults=payload,
        ^^^^^^^^^^^^^^^^^
    )
    ^
  File "C:\Users\C\AppData\Local\Programs\Python\Python314\Lib\site-packages\django\db\models\manager.py", line 87, in manager_method
    return getattr(self.get_queryset(), name)(*args, **kwargs)
           ~~~~~~~~~~~~~~~~~~~~~~~~~~~~~~~~~~^^^^^^^^^^^^^^^^^
  File "C:\Users\C\AppData\Local\Programs\Python\Python314\Lib\site-packages\django\db\models\query.py", line 989, in get_or_create
    params = self._extract_model_params(defaults, **kwargs)
  File "C:\Users\C\AppData\Local\Programs\Python\Python314\Lib\site-packages\django\db\models\query.py", line 1087, in _extract_model_params
    raise exceptions.FieldError(
    ...<5 lines>...
    )
django.core.exceptions.FieldError: Invalid field name(s) for model Theme: 'accent_color', 'bg_color', 'border_color', 'button_color', 'hover_color', 'primary_color', 'secondary_color', 'text_color'.
2026-07-11 22:18:36,737 [WARNING] Not Found: /fonts/file/108/
2026-07-11 22:18:40,474 [ERROR] Internal Server Error: /brand/1/
Traceback (most recent call last):
  File "C:\Users\C\AppData\Local\Programs\Python\Python314\Lib\site-packages\django\db\models\query.py", line 987, in get_or_create
    return self.get(**kwargs), False
           ~~~~~~~~^^^^^^^^^^
  File "C:\Users\C\AppData\Local\Programs\Python\Python314\Lib\site-packages\django\db\models\query.py", line 639, in get
    raise self.model.DoesNotExist(
        "%s matching query does not exist." % self.model._meta.object_name
    )
themes.models.Theme.DoesNotExist: Theme matching query does not exist.

During handling of the above exception, another exception occurred:

Traceback (most recent call last):
  File "C:\Users\C\AppData\Local\Programs\Python\Python314\Lib\site-packages\django\core\handlers\exception.py", line 55, in inner
    response = get_response(request)
  File "C:\Users\C\AppData\Local\Programs\Python\Python314\Lib\site-packages\django\core\handlers\base.py", line 198, in _get_response
    response = wrapped_callback(request, *callback_args, **callback_kwargs)
  File "C:\my django\my-ecommerce\products\views.py", line 298, in brand_detail
    return render(
        request,
    ...<17 lines>...
        }
    )
  File "C:\Users\C\AppData\Local\Programs\Python\Python314\Lib\site-packages\django\shortcuts.py", line 25, in render
    content = loader.render_to_string(template_name, context, request, using=using)
  File "C:\Users\C\AppData\Local\Programs\Python\Python314\Lib\site-packages\django\template\loader.py", line 62, in render_to_string
    return template.render(context, request)
           ~~~~~~~~~~~~~~~^^^^^^^^^^^^^^^^^^
  File "C:\Users\C\AppData\Local\Programs\Python\Python314\Lib\site-packages\django\template\backends\django.py", line 107, in render
    return self.template.render(context)
           ~~~~~~~~~~~~~~~~~~~~^^^^^^^^^
  File "C:\Users\C\AppData\Local\Programs\Python\Python314\Lib\site-packages\django\template\base.py", line 172, in render
    with context.bind_template(self):
         ~~~~~~~~~~~~~~~~~~~~~^^^^^^
  File "C:\Users\C\AppData\Local\Programs\Python\Python314\Lib\contextlib.py", line 141, in __enter__
    return next(self.gen)
  File "C:\Users\C\AppData\Local\Programs\Python\Python314\Lib\site-packages\django\template\context.py", line 263, in bind_template
    context = processor(self.request)
  File "C:\my django\my-ecommerce\themes\context_processors.py", line 14, in layout_processor
    active_theme = get_active_theme(request)
  File "C:\my django\my-ecommerce\themes\services.py", line 619, in get_active_theme
    active_theme = ensure_default_theme()
  File "C:\my django\my-ecommerce\themes\services.py", line 141, in ensure_default_theme
    theme, _ = Theme.objects.get_or_create(
               ~~~~~~~~~~~~~~~~~~~~~~~~~~~^
        slug=payload["slug"],
        ^^^^^^^^^^^^^^^^^^^^^
        defaults=payload,
        ^^^^^^^^^^^^^^^^^
    )
    ^
  File "C:\Users\C\AppData\Local\Programs\Python\Python314\Lib\site-packages\django\db\models\manager.py", line 87, in manager_method
    return getattr(self.get_queryset(), name)(*args, **kwargs)
           ~~~~~~~~~~~~~~~~~~~~~~~~~~~~~~~~~~^^^^^^^^^^^^^^^^^
  File "C:\Users\C\AppData\Local\Programs\Python\Python314\Lib\site-packages\django\db\models\query.py", line 989, in get_or_create
    params = self._extract_model_params(defaults, **kwargs)
  File "C:\Users\C\AppData\Local\Programs\Python\Python314\Lib\site-packages\django\db\models\query.py", line 1087, in _extract_model_params
    raise exceptions.FieldError(
    ...<5 lines>...
    )
django.core.exceptions.FieldError: Invalid field name(s) for model Theme: 'accent_color', 'bg_color', 'border_color', 'button_color', 'hover_color', 'primary_color', 'secondary_color', 'text_color'.
2026-07-11 22:18:41,007 [ERROR] Internal Server Error: /brand/1/
Traceback (most recent call last):
  File "C:\Users\C\AppData\Local\Programs\Python\Python314\Lib\site-packages\django\db\models\query.py", line 987, in get_or_create
    return self.get(**kwargs), False
           ~~~~~~~~^^^^^^^^^^
  File "C:\Users\C\AppData\Local\Programs\Python\Python314\Lib\site-packages\django\db\models\query.py", line 639, in get
    raise self.model.DoesNotExist(
        "%s matching query does not exist." % self.model._meta.object_name
    )
themes.models.Theme.DoesNotExist: Theme matching query does not exist.

During handling of the above exception, another exception occurred:

Traceback (most recent call last):
  File "C:\Users\C\AppData\Local\Programs\Python\Python314\Lib\site-packages\django\core\handlers\exception.py", line 55, in inner
    response = get_response(request)
  File "C:\Users\C\AppData\Local\Programs\Python\Python314\Lib\site-packages\django\core\handlers\base.py", line 198, in _get_response
    response = wrapped_callback(request, *callback_args, **callback_kwargs)
  File "C:\my django\my-ecommerce\products\views.py", line 298, in brand_detail
    return render(
        request,
    ...<17 lines>...
        }
    )
  File "C:\Users\C\AppData\Local\Programs\Python\Python314\Lib\site-packages\django\shortcuts.py", line 25, in render
    content = loader.render_to_string(template_name, context, request, using=using)
  File "C:\Users\C\AppData\Local\Programs\Python\Python314\Lib\site-packages\django\template\loader.py", line 62, in render_to_string
    return template.render(context, request)
           ~~~~~~~~~~~~~~~^^^^^^^^^^^^^^^^^^
  File "C:\Users\C\AppData\Local\Programs\Python\Python314\Lib\site-packages\django\template\backends\django.py", line 107, in render
    return self.template.render(context)
           ~~~~~~~~~~~~~~~~~~~~^^^^^^^^^
  File "C:\Users\C\AppData\Local\Programs\Python\Python314\Lib\site-packages\django\template\base.py", line 172, in render
    with context.bind_template(self):
         ~~~~~~~~~~~~~~~~~~~~~^^^^^^
  File "C:\Users\C\AppData\Local\Programs\Python\Python314\Lib\contextlib.py", line 141, in __enter__
    return next(self.gen)
  File "C:\Users\C\AppData\Local\Programs\Python\Python314\Lib\site-packages\django\template\context.py", line 263, in bind_template
    context = processor(self.request)
  File "C:\my django\my-ecommerce\themes\context_processors.py", line 14, in layout_processor
    active_theme = get_active_theme(request)
  File "C:\my django\my-ecommerce\themes\services.py", line 619, in get_active_theme
    active_theme = ensure_default_theme()
  File "C:\my django\my-ecommerce\themes\services.py", line 141, in ensure_default_theme
    theme, _ = Theme.objects.get_or_create(
               ~~~~~~~~~~~~~~~~~~~~~~~~~~~^
        slug=payload["slug"],
        ^^^^^^^^^^^^^^^^^^^^^
        defaults=payload,
        ^^^^^^^^^^^^^^^^^
    )
    ^
  File "C:\Users\C\AppData\Local\Programs\Python\Python314\Lib\site-packages\django\db\models\manager.py", line 87, in manager_method
    return getattr(self.get_queryset(), name)(*args, **kwargs)
           ~~~~~~~~~~~~~~~~~~~~~~~~~~~~~~~~~~^^^^^^^^^^^^^^^^^
  File "C:\Users\C\AppData\Local\Programs\Python\Python314\Lib\site-packages\django\db\models\query.py", line 989, in get_or_create
    params = self._extract_model_params(defaults, **kwargs)
  File "C:\Users\C\AppData\Local\Programs\Python\Python314\Lib\site-packages\django\db\models\query.py", line 1087, in _extract_model_params
    raise exceptions.FieldError(
    ...<5 lines>...
    )
django.core.exceptions.FieldError: Invalid field name(s) for model Theme: 'accent_color', 'bg_color', 'border_color', 'button_color', 'hover_color', 'primary_color', 'secondary_color', 'text_color'.
2026-07-11 22:18:41,544 [ERROR] Internal Server Error: /brand/1/
Traceback (most recent call last):
  File "C:\Users\C\AppData\Local\Programs\Python\Python314\Lib\site-packages\django\db\models\query.py", line 987, in get_or_create
    return self.get(**kwargs), False
           ~~~~~~~~^^^^^^^^^^
  File "C:\Users\C\AppData\Local\Programs\Python\Python314\Lib\site-packages\django\db\models\query.py", line 639, in get
    raise self.model.DoesNotExist(
        "%s matching query does not exist." % self.model._meta.object_name
    )
themes.models.Theme.DoesNotExist: Theme matching query does not exist.

During handling of the above exception, another exception occurred:

Traceback (most recent call last):
  File "C:\Users\C\AppData\Local\Programs\Python\Python314\Lib\site-packages\django\core\handlers\exception.py", line 55, in inner
    response = get_response(request)
  File "C:\Users\C\AppData\Local\Programs\Python\Python314\Lib\site-packages\django\core\handlers\base.py", line 198, in _get_response
    response = wrapped_callback(request, *callback_args, **callback_kwargs)
  File "C:\my django\my-ecommerce\products\views.py", line 298, in brand_detail
    return render(
        request,
    ...<17 lines>...
        }
    )
  File "C:\Users\C\AppData\Local\Programs\Python\Python314\Lib\site-packages\django\shortcuts.py", line 25, in render
    content = loader.render_to_string(template_name, context, request, using=using)
  File "C:\Users\C\AppData\Local\Programs\Python\Python314\Lib\site-packages\django\template\loader.py", line 62, in render_to_string
    return template.render(context, request)
           ~~~~~~~~~~~~~~~^^^^^^^^^^^^^^^^^^
  File "C:\Users\C\AppData\Local\Programs\Python\Python314\Lib\site-packages\django\template\backends\django.py", line 107, in render
    return self.template.render(context)
           ~~~~~~~~~~~~~~~~~~~~^^^^^^^^^
  File "C:\Users\C\AppData\Local\Programs\Python\Python314\Lib\site-packages\django\template\base.py", line 172, in render
    with context.bind_template(self):
         ~~~~~~~~~~~~~~~~~~~~~^^^^^^
  File "C:\Users\C\AppData\Local\Programs\Python\Python314\Lib\contextlib.py", line 141, in __enter__
    return next(self.gen)
  File "C:\Users\C\AppData\Local\Programs\Python\Python314\Lib\site-packages\django\template\context.py", line 263, in bind_template
    context = processor(self.request)
  File "C:\my django\my-ecommerce\themes\context_processors.py", line 14, in layout_processor
    active_theme = get_active_theme(request)
  File "C:\my django\my-ecommerce\themes\services.py", line 619, in get_active_theme
    active_theme = ensure_default_theme()
  File "C:\my django\my-ecommerce\themes\services.py", line 141, in ensure_default_theme
    theme, _ = Theme.objects.get_or_create(
               ~~~~~~~~~~~~~~~~~~~~~~~~~~~^
        slug=payload["slug"],
        ^^^^^^^^^^^^^^^^^^^^^
        defaults=payload,
        ^^^^^^^^^^^^^^^^^
    )
    ^
  File "C:\Users\C\AppData\Local\Programs\Python\Python314\Lib\site-packages\django\db\models\manager.py", line 87, in manager_method
    return getattr(self.get_queryset(), name)(*args, **kwargs)
           ~~~~~~~~~~~~~~~~~~~~~~~~~~~~~~~~~~^^^^^^^^^^^^^^^^^
  File "C:\Users\C\AppData\Local\Programs\Python\Python314\Lib\site-packages\django\db\models\query.py", line 989, in get_or_create
    params = self._extract_model_params(defaults, **kwargs)
  File "C:\Users\C\AppData\Local\Programs\Python\Python314\Lib\site-packages\django\db\models\query.py", line 1087, in _extract_model_params
    raise exceptions.FieldError(
    ...<5 lines>...
    )
django.core.exceptions.FieldError: Invalid field name(s) for model Theme: 'accent_color', 'bg_color', 'border_color', 'button_color', 'hover_color', 'primary_color', 'secondary_color', 'text_color'.
2026-07-11 22:18:42,085 [ERROR] Internal Server Error: /admin/products/brandherobanner/add/
Traceback (most recent call last):
  File "C:\Users\C\AppData\Local\Programs\Python\Python314\Lib\site-packages\django\db\models\query.py", line 987, in get_or_create
    return self.get(**kwargs), False
           ~~~~~~~~^^^^^^^^^^
  File "C:\Users\C\AppData\Local\Programs\Python\Python314\Lib\site-packages\django\db\models\query.py", line 639, in get
    raise self.model.DoesNotExist(
        "%s matching query does not exist." % self.model._meta.object_name
    )
themes.models.Theme.DoesNotExist: Theme matching query does not exist.

During handling of the above exception, another exception occurred:

Traceback (most recent call last):
  File "C:\Users\C\AppData\Local\Programs\Python\Python314\Lib\site-packages\django\core\handlers\exception.py", line 55, in inner
    response = get_response(request)
  File "C:\Users\C\AppData\Local\Programs\Python\Python314\Lib\site-packages\django\core\handlers\base.py", line 221, in _get_response
    response = response.render()
  File "C:\Users\C\AppData\Local\Programs\Python\Python314\Lib\site-packages\django\template\response.py", line 114, in render
    self.content = self.rendered_content
                   ^^^^^^^^^^^^^^^^^^^^^
  File "C:\Users\C\AppData\Local\Programs\Python\Python314\Lib\site-packages\django\template\response.py", line 92, in rendered_content
    return template.render(context, self._request)
           ~~~~~~~~~~~~~~~^^^^^^^^^^^^^^^^^^^^^^^^
  File "C:\Users\C\AppData\Local\Programs\Python\Python314\Lib\site-packages\django\template\backends\django.py", line 107, in render
    return self.template.render(context)
           ~~~~~~~~~~~~~~~~~~~~^^^^^^^^^
  File "C:\Users\C\AppData\Local\Programs\Python\Python314\Lib\site-packages\django\template\base.py", line 172, in render
    with context.bind_template(self):
         ~~~~~~~~~~~~~~~~~~~~~^^^^^^
  File "C:\Users\C\AppData\Local\Programs\Python\Python314\Lib\contextlib.py", line 141, in __enter__
    return next(self.gen)
  File "C:\Users\C\AppData\Local\Programs\Python\Python314\Lib\site-packages\django\template\context.py", line 263, in bind_template
    context = processor(self.request)
  File "C:\my django\my-ecommerce\themes\context_processors.py", line 14, in layout_processor
    active_theme = get_active_theme(request)
  File "C:\my django\my-ecommerce\themes\services.py", line 619, in get_active_theme
    active_theme = ensure_default_theme()
  File "C:\my django\my-ecommerce\themes\services.py", line 141, in ensure_default_theme
    theme, _ = Theme.objects.get_or_create(
               ~~~~~~~~~~~~~~~~~~~~~~~~~~~^
        slug=payload["slug"],
        ^^^^^^^^^^^^^^^^^^^^^
        defaults=payload,
        ^^^^^^^^^^^^^^^^^
    )
    ^
  File "C:\Users\C\AppData\Local\Programs\Python\Python314\Lib\site-packages\django\db\models\manager.py", line 87, in manager_method
    return getattr(self.get_queryset(), name)(*args, **kwargs)
           ~~~~~~~~~~~~~~~~~~~~~~~~~~~~~~~~~~^^^^^^^^^^^^^^^^^
  File "C:\Users\C\AppData\Local\Programs\Python\Python314\Lib\site-packages\django\db\models\query.py", line 989, in get_or_create
    params = self._extract_model_params(defaults, **kwargs)
  File "C:\Users\C\AppData\Local\Programs\Python\Python314\Lib\site-packages\django\db\models\query.py", line 1087, in _extract_model_params
    raise exceptions.FieldError(
    ...<5 lines>...
    )
django.core.exceptions.FieldError: Invalid field name(s) for model Theme: 'accent_color', 'bg_color', 'border_color', 'button_color', 'hover_color', 'primary_color', 'secondary_color', 'text_color'.
2026-07-11 22:18:45,241 [ERROR] Internal Server Error: /admin/products/product/1/change/
Traceback (most recent call last):
  File "C:\Users\C\AppData\Local\Programs\Python\Python314\Lib\site-packages\django\db\models\query.py", line 987, in get_or_create
    return self.get(**kwargs), False
           ~~~~~~~~^^^^^^^^^^
  File "C:\Users\C\AppData\Local\Programs\Python\Python314\Lib\site-packages\django\db\models\query.py", line 639, in get
    raise self.model.DoesNotExist(
        "%s matching query does not exist." % self.model._meta.object_name
    )
themes.models.Theme.DoesNotExist: Theme matching query does not exist.

During handling of the above exception, another exception occurred:

Traceback (most recent call last):
  File "C:\Users\C\AppData\Local\Programs\Python\Python314\Lib\site-packages\django\core\handlers\exception.py", line 55, in inner
    response = get_response(request)
  File "C:\Users\C\AppData\Local\Programs\Python\Python314\Lib\site-packages\django\core\handlers\base.py", line 221, in _get_response
    response = response.render()
  File "C:\Users\C\AppData\Local\Programs\Python\Python314\Lib\site-packages\django\template\response.py", line 114, in render
    self.content = self.rendered_content
                   ^^^^^^^^^^^^^^^^^^^^^
  File "C:\Users\C\AppData\Local\Programs\Python\Python314\Lib\site-packages\django\template\response.py", line 92, in rendered_content
    return template.render(context, self._request)
           ~~~~~~~~~~~~~~~^^^^^^^^^^^^^^^^^^^^^^^^
  File "C:\Users\C\AppData\Local\Programs\Python\Python314\Lib\site-packages\django\template\backends\django.py", line 107, in render
    return self.template.render(context)
           ~~~~~~~~~~~~~~~~~~~~^^^^^^^^^
  File "C:\Users\C\AppData\Local\Programs\Python\Python314\Lib\site-packages\django\template\base.py", line 172, in render
    with context.bind_template(self):
         ~~~~~~~~~~~~~~~~~~~~~^^^^^^
  File "C:\Users\C\AppData\Local\Programs\Python\Python314\Lib\contextlib.py", line 141, in __enter__
    return next(self.gen)
  File "C:\Users\C\AppData\Local\Programs\Python\Python314\Lib\site-packages\django\template\context.py", line 263, in bind_template
    context = processor(self.request)
  File "C:\my django\my-ecommerce\themes\context_processors.py", line 14, in layout_processor
    active_theme = get_active_theme(request)
  File "C:\my django\my-ecommerce\themes\services.py", line 619, in get_active_theme
    active_theme = ensure_default_theme()
  File "C:\my django\my-ecommerce\themes\services.py", line 141, in ensure_default_theme
    theme, _ = Theme.objects.get_or_create(
               ~~~~~~~~~~~~~~~~~~~~~~~~~~~^
        slug=payload["slug"],
        ^^^^^^^^^^^^^^^^^^^^^
        defaults=payload,
        ^^^^^^^^^^^^^^^^^
    )
    ^
  File "C:\Users\C\AppData\Local\Programs\Python\Python314\Lib\site-packages\django\db\models\manager.py", line 87, in manager_method
    return getattr(self.get_queryset(), name)(*args, **kwargs)
           ~~~~~~~~~~~~~~~~~~~~~~~~~~~~~~~~~~^^^^^^^^^^^^^^^^^
  File "C:\Users\C\AppData\Local\Programs\Python\Python314\Lib\site-packages\django\db\models\query.py", line 989, in get_or_create
    params = self._extract_model_params(defaults, **kwargs)
  File "C:\Users\C\AppData\Local\Programs\Python\Python314\Lib\site-packages\django\db\models\query.py", line 1087, in _extract_model_params
    raise exceptions.FieldError(
    ...<5 lines>...
    )
django.core.exceptions.FieldError: Invalid field name(s) for model Theme: 'accent_color', 'bg_color', 'border_color', 'button_color', 'hover_color', 'primary_color', 'secondary_color', 'text_color'.
2026-07-11 22:18:47,217 [ERROR] Internal Server Error: /product/apple-watch/
Traceback (most recent call last):
  File "C:\Users\C\AppData\Local\Programs\Python\Python314\Lib\site-packages\django\db\models\query.py", line 987, in get_or_create
    return self.get(**kwargs), False
           ~~~~~~~~^^^^^^^^^^
  File "C:\Users\C\AppData\Local\Programs\Python\Python314\Lib\site-packages\django\db\models\query.py", line 639, in get
    raise self.model.DoesNotExist(
        "%s matching query does not exist." % self.model._meta.object_name
    )
themes.models.Theme.DoesNotExist: Theme matching query does not exist.

During handling of the above exception, another exception occurred:

Traceback (most recent call last):
  File "C:\Users\C\AppData\Local\Programs\Python\Python314\Lib\site-packages\django\core\handlers\exception.py", line 55, in inner
    response = get_response(request)
  File "C:\Users\C\AppData\Local\Programs\Python\Python314\Lib\site-packages\django\core\handlers\base.py", line 198, in _get_response
    response = wrapped_callback(request, *callback_args, **callback_kwargs)
  File "C:\my django\my-ecommerce\products\views.py", line 36, in product_detail
    return render(
        request,
    ...<4 lines>...
        }
    )
  File "C:\Users\C\AppData\Local\Programs\Python\Python314\Lib\site-packages\django\shortcuts.py", line 25, in render
    content = loader.render_to_string(template_name, context, request, using=using)
  File "C:\Users\C\AppData\Local\Programs\Python\Python314\Lib\site-packages\django\template\loader.py", line 62, in render_to_string
    return template.render(context, request)
           ~~~~~~~~~~~~~~~^^^^^^^^^^^^^^^^^^
  File "C:\Users\C\AppData\Local\Programs\Python\Python314\Lib\site-packages\django\template\backends\django.py", line 107, in render
    return self.template.render(context)
           ~~~~~~~~~~~~~~~~~~~~^^^^^^^^^
  File "C:\Users\C\AppData\Local\Programs\Python\Python314\Lib\site-packages\django\template\base.py", line 172, in render
    with context.bind_template(self):
         ~~~~~~~~~~~~~~~~~~~~~^^^^^^
  File "C:\Users\C\AppData\Local\Programs\Python\Python314\Lib\contextlib.py", line 141, in __enter__
    return next(self.gen)
  File "C:\Users\C\AppData\Local\Programs\Python\Python314\Lib\site-packages\django\template\context.py", line 263, in bind_template
    context = processor(self.request)
  File "C:\my django\my-ecommerce\themes\context_processors.py", line 14, in layout_processor
    active_theme = get_active_theme(request)
  File "C:\my django\my-ecommerce\themes\services.py", line 619, in get_active_theme
    active_theme = ensure_default_theme()
  File "C:\my django\my-ecommerce\themes\services.py", line 141, in ensure_default_theme
    theme, _ = Theme.objects.get_or_create(
               ~~~~~~~~~~~~~~~~~~~~~~~~~~~^
        slug=payload["slug"],
        ^^^^^^^^^^^^^^^^^^^^^
        defaults=payload,
        ^^^^^^^^^^^^^^^^^
    )
    ^
  File "C:\Users\C\AppData\Local\Programs\Python\Python314\Lib\site-packages\django\db\models\manager.py", line 87, in manager_method
    return getattr(self.get_queryset(), name)(*args, **kwargs)
           ~~~~~~~~~~~~~~~~~~~~~~~~~~~~~~~~~~^^^^^^^^^^^^^^^^^
  File "C:\Users\C\AppData\Local\Programs\Python\Python314\Lib\site-packages\django\db\models\query.py", line 989, in get_or_create
    params = self._extract_model_params(defaults, **kwargs)
  File "C:\Users\C\AppData\Local\Programs\Python\Python314\Lib\site-packages\django\db\models\query.py", line 1087, in _extract_model_params
    raise exceptions.FieldError(
    ...<5 lines>...
    )
django.core.exceptions.FieldError: Invalid field name(s) for model Theme: 'accent_color', 'bg_color', 'border_color', 'button_color', 'hover_color', 'primary_color', 'secondary_color', 'text_color'.
2026-07-11 22:19:51,825 [DEBUG] --- Resolving 'header' ---
2026-07-11 22:19:51,825 [DEBUG] Active Theme Slug: default
2026-07-11 22:19:51,825 [DEBUG] Theme's desired layout ('header_layout'): header1
2026-07-11 22:19:51,825 [DEBUG] Candidate Paths: ['themes/default/header/header1.html', 'themes/default/layouts/header/header1.html']
2026-07-11 22:19:51,825 [DEBUG] Checking candidate: themes/default/header/header1.html
2026-07-11 22:19:51,826 [DEBUG] SUCCESS: Template found at 'themes/default/header/header1.html'
2026-07-11 22:19:51,826 [DEBUG] Final resolved path: themes/default/header/header1.html
2026-07-11 22:19:51,826 [DEBUG] ----------------------------------
2026-07-11 22:21:25,272 [WARNING] Not Found: /favicon.ico
2026-07-11 22:21:26,555 [ERROR] Internal Server Error: /home/
Traceback (most recent call last):
  File "C:\my django\my-ecommerce\djangovenv\Lib\site-packages\django\db\models\fields\related_descriptors.py", line 502, in __get__
    rel_obj = self.related.get_cached_value(instance)
  File "C:\my django\my-ecommerce\djangovenv\Lib\site-packages\django\db\models\fields\mixins.py", line 21, in get_cached_value
    return instance._state.fields_cache[self.cache_name]
           ~~~~~~~~~~~~~~~~~~~~~~~~~~~~^^^^^^^^^^^^^^^^^
KeyError: 'productcarouselsection'

During handling of the above exception, another exception occurred:

Traceback (most recent call last):
  File "C:\my django\my-ecommerce\djangovenv\Lib\site-packages\django\db\backends\utils.py", line 105, in _execute
    return self.cursor.execute(sql, params)
           ~~~~~~~~~~~~~~~~~~~^^^^^^^^^^^^^
  File "C:\my django\my-ecommerce\djangovenv\Lib\site-packages\django\db\backends\sqlite3\base.py", line 359, in execute
    return super().execute(query, params)
           ~~~~~~~~~~~~~~~^^^^^^^^^^^^^^^
sqlite3.OperationalError: no such column: site_sections_productcarouselsection.show_view_all

The above exception was the direct cause of the following exception:

Traceback (most recent call last):
  File "C:\my django\my-ecommerce\djangovenv\Lib\site-packages\django\core\handlers\exception.py", line 55, in inner
    response = get_response(request)
  File "C:\my django\my-ecommerce\djangovenv\Lib\site-packages\django\core\handlers\base.py", line 198, in _get_response
    response = wrapped_callback(request, *callback_args, **callback_kwargs)
  File "C:\my django\my-ecommerce\core\views.py", line 151, in home
    carousel = section.get_section_instance()
  File "C:\my django\my-ecommerce\site_sections\models.py", line 54, in get_section_instance
    return getattr(self, accessor_name, None)
  File "C:\my django\my-ecommerce\djangovenv\Lib\site-packages\django\db\models\fields\related_descriptors.py", line 509, in __get__
    rel_obj = self.get_queryset(instance=instance).get(**filter_args)
  File "C:\my django\my-ecommerce\djangovenv\Lib\site-packages\django\db\models\query.py", line 635, in get
    num = len(clone)
  File "C:\my django\my-ecommerce\djangovenv\Lib\site-packages\django\db\models\query.py", line 372, in __len__
    self._fetch_all()
    ~~~~~~~~~~~~~~~^^
  File "C:\my django\my-ecommerce\djangovenv\Lib\site-packages\django\db\models\query.py", line 2000, in _fetch_all
    self._result_cache = list(self._iterable_class(self))
                         ~~~~^^^^^^^^^^^^^^^^^^^^^^^^^^^^
  File "C:\my django\my-ecommerce\djangovenv\Lib\site-packages\django\db\models\query.py", line 95, in __iter__
    results = compiler.execute_sql(
        chunked_fetch=self.chunked_fetch, chunk_size=self.chunk_size
    )
  File "C:\my django\my-ecommerce\djangovenv\Lib\site-packages\django\db\models\sql\compiler.py", line 1624, in execute_sql
    cursor.execute(sql, params)
    ~~~~~~~~~~~~~~^^^^^^^^^^^^^
  File "C:\my django\my-ecommerce\djangovenv\Lib\site-packages\django\db\backends\utils.py", line 122, in execute
    return super().execute(sql, params)
           ~~~~~~~~~~~~~~~^^^^^^^^^^^^^
  File "C:\my django\my-ecommerce\djangovenv\Lib\site-packages\django\db\backends\utils.py", line 79, in execute
    return self._execute_with_wrappers(
           ~~~~~~~~~~~~~~~~~~~~~~~~~~~^
        sql, params, many=False, executor=self._execute
        ^^^^^^^^^^^^^^^^^^^^^^^^^^^^^^^^^^^^^^^^^^^^^^^
    )
    ^
  File "C:\my django\my-ecommerce\djangovenv\Lib\site-packages\django\db\backends\utils.py", line 92, in _execute_with_wrappers
    return executor(sql, params, many, context)
  File "C:\my django\my-ecommerce\djangovenv\Lib\site-packages\django\db\backends\utils.py", line 100, in _execute
    with self.db.wrap_database_errors:
         ^^^^^^^^^^^^^^^^^^^^^^^^^^^^
  File "C:\my django\my-ecommerce\djangovenv\Lib\site-packages\django\db\utils.py", line 94, in __exit__
    raise dj_exc_value.with_traceback(traceback) from exc_value
  File "C:\my django\my-ecommerce\djangovenv\Lib\site-packages\django\db\backends\utils.py", line 105, in _execute
    return self.cursor.execute(sql, params)
           ~~~~~~~~~~~~~~~~~~~^^^^^^^^^^^^^
  File "C:\my django\my-ecommerce\djangovenv\Lib\site-packages\django\db\backends\sqlite3\base.py", line 359, in execute
    return super().execute(query, params)
           ~~~~~~~~~~~~~~~^^^^^^^^^^^^^^^
django.db.utils.OperationalError: no such column: site_sections_productcarouselsection.show_view_all
2026-07-11 22:23:14,293 [DEBUG] --- Resolving 'header' ---
2026-07-11 22:23:14,293 [DEBUG] Active Theme Slug: default
2026-07-11 22:23:14,293 [DEBUG] Theme's desired layout ('header_layout'): header1
2026-07-11 22:23:14,293 [DEBUG] Candidate Paths: ['themes/default/header/header1.html', 'themes/default/layouts/header/header1.html']
2026-07-11 22:23:14,293 [DEBUG] Checking candidate: themes/default/header/header1.html
2026-07-11 22:23:14,294 [DEBUG] SUCCESS: Template found at 'themes/default/header/header1.html'
2026-07-11 22:23:14,294 [DEBUG] Final resolved path: themes/default/header/header1.html
2026-07-11 22:23:14,295 [DEBUG] ----------------------------------
2026-07-11 22:29:51,197 [DEBUG] --- Resolving 'header' ---
2026-07-11 22:29:51,197 [DEBUG] Active Theme Slug: default
2026-07-11 22:29:51,197 [DEBUG] Theme's desired layout ('header_layout'): header1
2026-07-11 22:29:51,197 [DEBUG] Candidate Paths: ['themes/default/header/header1.html', 'themes/default/layouts/header/header1.html']
2026-07-11 22:29:51,197 [DEBUG] Checking candidate: themes/default/header/header1.html
2026-07-11 22:29:51,198 [DEBUG] SUCCESS: Template found at 'themes/default/header/header1.html'
2026-07-11 22:29:51,199 [DEBUG] Final resolved path: themes/default/header/header1.html
2026-07-11 22:29:51,199 [DEBUG] ----------------------------------
2026-07-11 22:30:40,358 [DEBUG] --- Resolving 'header' ---
2026-07-11 22:30:40,358 [DEBUG] Active Theme Slug: default
2026-07-11 22:30:40,358 [DEBUG] Theme's desired layout ('header_layout'): header1
2026-07-11 22:30:40,358 [DEBUG] Candidate Paths: ['themes/default/header/header1.html', 'themes/default/layouts/header/header1.html']
2026-07-11 22:30:40,358 [DEBUG] Checking candidate: themes/default/header/header1.html
2026-07-11 22:30:40,359 [DEBUG] SUCCESS: Template found at 'themes/default/header/header1.html'
2026-07-11 22:30:40,359 [DEBUG] Final resolved path: themes/default/header/header1.html
2026-07-11 22:30:40,359 [DEBUG] ----------------------------------
2026-07-11 22:39:57,257 [DEBUG] --- Resolving 'header' ---
2026-07-11 22:39:57,257 [DEBUG] Active Theme Slug: default
2026-07-11 22:39:57,257 [DEBUG] Theme's desired layout ('header_layout'): header1
2026-07-11 22:39:57,257 [DEBUG] Candidate Paths: ['themes/default/header/header1.html', 'themes/default/layouts/header/header1.html']
2026-07-11 22:39:57,257 [DEBUG] Checking candidate: themes/default/header/header1.html
2026-07-11 22:39:57,258 [DEBUG] SUCCESS: Template found at 'themes/default/header/header1.html'
2026-07-11 22:39:57,258 [DEBUG] Final resolved path: themes/default/header/header1.html
2026-07-11 22:39:57,258 [DEBUG] ----------------------------------
2026-07-11 22:40:03,656 [DEBUG] --- Resolving 'header' ---
2026-07-11 22:40:03,656 [DEBUG] Active Theme Slug: default
2026-07-11 22:40:03,656 [DEBUG] Theme's desired layout ('header_layout'): header1
2026-07-11 22:40:03,656 [DEBUG] Candidate Paths: ['themes/default/header/header1.html', 'themes/default/layouts/header/header1.html']
2026-07-11 22:40:03,656 [DEBUG] Checking candidate: themes/default/header/header1.html
2026-07-11 22:40:03,657 [DEBUG] SUCCESS: Template found at 'themes/default/header/header1.html'
2026-07-11 22:40:03,657 [DEBUG] Final resolved path: themes/default/header/header1.html
2026-07-11 22:40:03,657 [DEBUG] ----------------------------------
2026-07-11 22:41:39,156 [DEBUG] --- Resolving 'header' ---
2026-07-11 22:41:39,156 [DEBUG] Active Theme Slug: default
2026-07-11 22:41:39,156 [DEBUG] Theme's desired layout ('header_layout'): header1
2026-07-11 22:41:39,156 [DEBUG] Candidate Paths: ['themes/default/header/header1.html', 'themes/default/layouts/header/header1.html']
2026-07-11 22:41:39,156 [DEBUG] Checking candidate: themes/default/header/header1.html
2026-07-11 22:41:39,158 [DEBUG] SUCCESS: Template found at 'themes/default/header/header1.html'
2026-07-11 22:41:39,158 [DEBUG] Final resolved path: themes/default/header/header1.html
2026-07-11 22:41:39,158 [DEBUG] ----------------------------------
2026-07-11 22:45:27,497 [INFO] C:\my django\my-ecommerce\site_sections\models.py changed, reloading.
2026-07-11 22:45:45,249 [DEBUG] --- Resolving 'header' ---
2026-07-11 22:45:45,249 [DEBUG] Active Theme Slug: default
2026-07-11 22:45:45,249 [DEBUG] Theme's desired layout ('header_layout'): header1
2026-07-11 22:45:45,249 [DEBUG] Candidate Paths: ['themes/default/header/header1.html', 'themes/default/layouts/header/header1.html']
2026-07-11 22:45:45,249 [DEBUG] Checking candidate: themes/default/header/header1.html
2026-07-11 22:45:45,275 [DEBUG] SUCCESS: Template found at 'themes/default/header/header1.html'
2026-07-11 22:45:45,275 [DEBUG] Final resolved path: themes/default/header/header1.html
2026-07-11 22:45:45,275 [DEBUG] ----------------------------------
2026-07-11 22:45:49,980 [ERROR] Internal Server Error: /admin/banners/bannercarousel/add/
Traceback (most recent call last):
  File "C:\Users\C\AppData\Local\Programs\Python\Python314\Lib\site-packages\django\db\models\query.py", line 987, in get_or_create
    return self.get(**kwargs), False
           ~~~~~~~~^^^^^^^^^^
  File "C:\Users\C\AppData\Local\Programs\Python\Python314\Lib\site-packages\django\db\models\query.py", line 639, in get
    raise self.model.DoesNotExist(
        "%s matching query does not exist." % self.model._meta.object_name
    )
themes.models.Theme.DoesNotExist: Theme matching query does not exist.

During handling of the above exception, another exception occurred:

Traceback (most recent call last):
  File "C:\Users\C\AppData\Local\Programs\Python\Python314\Lib\site-packages\django\core\handlers\exception.py", line 55, in inner
    response = get_response(request)
  File "C:\Users\C\AppData\Local\Programs\Python\Python314\Lib\site-packages\django\core\handlers\base.py", line 221, in _get_response
    response = response.render()
  File "C:\Users\C\AppData\Local\Programs\Python\Python314\Lib\site-packages\django\template\response.py", line 114, in render
    self.content = self.rendered_content
                   ^^^^^^^^^^^^^^^^^^^^^
  File "C:\Users\C\AppData\Local\Programs\Python\Python314\Lib\site-packages\django\template\response.py", line 92, in rendered_content
    return template.render(context, self._request)
           ~~~~~~~~~~~~~~~^^^^^^^^^^^^^^^^^^^^^^^^
  File "C:\Users\C\AppData\Local\Programs\Python\Python314\Lib\site-packages\django\template\backends\django.py", line 107, in render
    return self.template.render(context)
           ~~~~~~~~~~~~~~~~~~~~^^^^^^^^^
  File "C:\Users\C\AppData\Local\Programs\Python\Python314\Lib\site-packages\django\template\base.py", line 172, in render
    with context.bind_template(self):
         ~~~~~~~~~~~~~~~~~~~~~^^^^^^
  File "C:\Users\C\AppData\Local\Programs\Python\Python314\Lib\contextlib.py", line 141, in __enter__
    return next(self.gen)
  File "C:\Users\C\AppData\Local\Programs\Python\Python314\Lib\site-packages\django\template\context.py", line 263, in bind_template
    context = processor(self.request)
  File "C:\my django\my-ecommerce\themes\context_processors.py", line 14, in layout_processor
    active_theme = get_active_theme(request)
  File "C:\my django\my-ecommerce\themes\services.py", line 619, in get_active_theme
    active_theme = ensure_default_theme()
  File "C:\my django\my-ecommerce\themes\services.py", line 141, in ensure_default_theme
    theme, _ = Theme.objects.get_or_create(
               ~~~~~~~~~~~~~~~~~~~~~~~~~~~^
        slug=payload["slug"],
        ^^^^^^^^^^^^^^^^^^^^^
        defaults=payload,
        ^^^^^^^^^^^^^^^^^
    )
    ^
  File "C:\Users\C\AppData\Local\Programs\Python\Python314\Lib\site-packages\django\db\models\manager.py", line 87, in manager_method
    return getattr(self.get_queryset(), name)(*args, **kwargs)
           ~~~~~~~~~~~~~~~~~~~~~~~~~~~~~~~~~~^^^^^^^^^^^^^^^^^
  File "C:\Users\C\AppData\Local\Programs\Python\Python314\Lib\site-packages\django\db\models\query.py", line 989, in get_or_create
    params = self._extract_model_params(defaults, **kwargs)
  File "C:\Users\C\AppData\Local\Programs\Python\Python314\Lib\site-packages\django\db\models\query.py", line 1087, in _extract_model_params
    raise exceptions.FieldError(
    ...<5 lines>...
    )
django.core.exceptions.FieldError: Invalid field name(s) for model Theme: 'accent_color', 'bg_color', 'border_color', 'button_color', 'hover_color', 'primary_color', 'secondary_color', 'text_color'.
2026-07-11 22:45:50,911 [ERROR] Internal Server Error: /admin/banners/bannercarousel/1/change/
Traceback (most recent call last):
  File "C:\Users\C\AppData\Local\Programs\Python\Python314\Lib\site-packages\django\db\models\query.py", line 987, in get_or_create
    return self.get(**kwargs), False
           ~~~~~~~~^^^^^^^^^^
  File "C:\Users\C\AppData\Local\Programs\Python\Python314\Lib\site-packages\django\db\models\query.py", line 639, in get
    raise self.model.DoesNotExist(
        "%s matching query does not exist." % self.model._meta.object_name
    )
themes.models.Theme.DoesNotExist: Theme matching query does not exist.

During handling of the above exception, another exception occurred:

Traceback (most recent call last):
  File "C:\Users\C\AppData\Local\Programs\Python\Python314\Lib\site-packages\django\core\handlers\exception.py", line 55, in inner
    response = get_response(request)
  File "C:\Users\C\AppData\Local\Programs\Python\Python314\Lib\site-packages\django\core\handlers\base.py", line 221, in _get_response
    response = response.render()
  File "C:\Users\C\AppData\Local\Programs\Python\Python314\Lib\site-packages\django\template\response.py", line 114, in render
    self.content = self.rendered_content
                   ^^^^^^^^^^^^^^^^^^^^^
  File "C:\Users\C\AppData\Local\Programs\Python\Python314\Lib\site-packages\django\template\response.py", line 92, in rendered_content
    return template.render(context, self._request)
           ~~~~~~~~~~~~~~~^^^^^^^^^^^^^^^^^^^^^^^^
  File "C:\Users\C\AppData\Local\Programs\Python\Python314\Lib\site-packages\django\template\backends\django.py", line 107, in render
    return self.template.render(context)
           ~~~~~~~~~~~~~~~~~~~~^^^^^^^^^
  File "C:\Users\C\AppData\Local\Programs\Python\Python314\Lib\site-packages\django\template\base.py", line 172, in render
    with context.bind_template(self):
         ~~~~~~~~~~~~~~~~~~~~~^^^^^^
  File "C:\Users\C\AppData\Local\Programs\Python\Python314\Lib\contextlib.py", line 141, in __enter__
    return next(self.gen)
  File "C:\Users\C\AppData\Local\Programs\Python\Python314\Lib\site-packages\django\template\context.py", line 263, in bind_template
    context = processor(self.request)
  File "C:\my django\my-ecommerce\themes\context_processors.py", line 14, in layout_processor
    active_theme = get_active_theme(request)
  File "C:\my django\my-ecommerce\themes\services.py", line 619, in get_active_theme
    active_theme = ensure_default_theme()
  File "C:\my django\my-ecommerce\themes\services.py", line 141, in ensure_default_theme
    theme, _ = Theme.objects.get_or_create(
               ~~~~~~~~~~~~~~~~~~~~~~~~~~~^
        slug=payload["slug"],
        ^^^^^^^^^^^^^^^^^^^^^
        defaults=payload,
        ^^^^^^^^^^^^^^^^^
    )
    ^
  File "C:\Users\C\AppData\Local\Programs\Python\Python314\Lib\site-packages\django\db\models\manager.py", line 87, in manager_method
    return getattr(self.get_queryset(), name)(*args, **kwargs)
           ~~~~~~~~~~~~~~~~~~~~~~~~~~~~~~~~~~^^^^^^^^^^^^^^^^^
  File "C:\Users\C\AppData\Local\Programs\Python\Python314\Lib\site-packages\django\db\models\query.py", line 989, in get_or_create
    params = self._extract_model_params(defaults, **kwargs)
  File "C:\Users\C\AppData\Local\Programs\Python\Python314\Lib\site-packages\django\db\models\query.py", line 1087, in _extract_model_params
    raise exceptions.FieldError(
    ...<5 lines>...
    )
django.core.exceptions.FieldError: Invalid field name(s) for model Theme: 'accent_color', 'bg_color', 'border_color', 'button_color', 'hover_color', 'primary_color', 'secondary_color', 'text_color'.
2026-07-11 22:45:56,363 [ERROR] Internal Server Error: /home/
Traceback (most recent call last):
  File "C:\Users\C\AppData\Local\Programs\Python\Python314\Lib\site-packages\django\db\models\query.py", line 987, in get_or_create
    return self.get(**kwargs), False
           ~~~~~~~~^^^^^^^^^^
  File "C:\Users\C\AppData\Local\Programs\Python\Python314\Lib\site-packages\django\db\models\query.py", line 639, in get
    raise self.model.DoesNotExist(
        "%s matching query does not exist." % self.model._meta.object_name
    )
themes.models.Theme.DoesNotExist: Theme matching query does not exist.

During handling of the above exception, another exception occurred:

Traceback (most recent call last):
  File "C:\Users\C\AppData\Local\Programs\Python\Python314\Lib\site-packages\django\core\handlers\exception.py", line 55, in inner
    response = get_response(request)
  File "C:\Users\C\AppData\Local\Programs\Python\Python314\Lib\site-packages\django\core\handlers\base.py", line 198, in _get_response
    response = wrapped_callback(request, *callback_args, **callback_kwargs)
  File "C:\my django\my-ecommerce\core\views.py", line 202, in home
    return render(request, "core/home.html", context)
  File "C:\Users\C\AppData\Local\Programs\Python\Python314\Lib\site-packages\django\shortcuts.py", line 25, in render
    content = loader.render_to_string(template_name, context, request, using=using)
  File "C:\Users\C\AppData\Local\Programs\Python\Python314\Lib\site-packages\django\template\loader.py", line 62, in render_to_string
    return template.render(context, request)
           ~~~~~~~~~~~~~~~^^^^^^^^^^^^^^^^^^
  File "C:\Users\C\AppData\Local\Programs\Python\Python314\Lib\site-packages\django\template\backends\django.py", line 107, in render
    return self.template.render(context)
           ~~~~~~~~~~~~~~~~~~~~^^^^^^^^^
  File "C:\Users\C\AppData\Local\Programs\Python\Python314\Lib\site-packages\django\template\base.py", line 172, in render
    with context.bind_template(self):
         ~~~~~~~~~~~~~~~~~~~~~^^^^^^
  File "C:\Users\C\AppData\Local\Programs\Python\Python314\Lib\contextlib.py", line 141, in __enter__
    return next(self.gen)
  File "C:\Users\C\AppData\Local\Programs\Python\Python314\Lib\site-packages\django\template\context.py", line 263, in bind_template
    context = processor(self.request)
  File "C:\my django\my-ecommerce\themes\context_processors.py", line 14, in layout_processor
    active_theme = get_active_theme(request)
  File "C:\my django\my-ecommerce\themes\services.py", line 619, in get_active_theme
    active_theme = ensure_default_theme()
  File "C:\my django\my-ecommerce\themes\services.py", line 141, in ensure_default_theme
    theme, _ = Theme.objects.get_or_create(
               ~~~~~~~~~~~~~~~~~~~~~~~~~~~^
        slug=payload["slug"],
        ^^^^^^^^^^^^^^^^^^^^^
        defaults=payload,
        ^^^^^^^^^^^^^^^^^
    )
    ^
  File "C:\Users\C\AppData\Local\Programs\Python\Python314\Lib\site-packages\django\db\models\manager.py", line 87, in manager_method
    return getattr(self.get_queryset(), name)(*args, **kwargs)
           ~~~~~~~~~~~~~~~~~~~~~~~~~~~~~~~~~~^^^^^^^^^^^^^^^^^
  File "C:\Users\C\AppData\Local\Programs\Python\Python314\Lib\site-packages\django\db\models\query.py", line 989, in get_or_create
    params = self._extract_model_params(defaults, **kwargs)
  File "C:\Users\C\AppData\Local\Programs\Python\Python314\Lib\site-packages\django\db\models\query.py", line 1087, in _extract_model_params
    raise exceptions.FieldError(
    ...<5 lines>...
    )
django.core.exceptions.FieldError: Invalid field name(s) for model Theme: 'accent_color', 'bg_color', 'border_color', 'button_color', 'hover_color', 'primary_color', 'secondary_color', 'text_color'.
2026-07-11 22:45:56,391 [ERROR] Internal Server Error: /home/
Traceback (most recent call last):
  File "C:\Users\C\AppData\Local\Programs\Python\Python314\Lib\site-packages\django\db\models\query.py", line 987, in get_or_create
    return self.get(**kwargs), False
           ~~~~~~~~^^^^^^^^^^
  File "C:\Users\C\AppData\Local\Programs\Python\Python314\Lib\site-packages\django\db\models\query.py", line 639, in get
    raise self.model.DoesNotExist(
        "%s matching query does not exist." % self.model._meta.object_name
    )
themes.models.Theme.DoesNotExist: Theme matching query does not exist.

During handling of the above exception, another exception occurred:

Traceback (most recent call last):
  File "C:\Users\C\AppData\Local\Programs\Python\Python314\Lib\site-packages\django\core\handlers\exception.py", line 55, in inner
    response = get_response(request)
  File "C:\Users\C\AppData\Local\Programs\Python\Python314\Lib\site-packages\django\core\handlers\base.py", line 198, in _get_response
    response = wrapped_callback(request, *callback_args, **callback_kwargs)
  File "C:\my django\my-ecommerce\core\views.py", line 202, in home
    return render(request, "core/home.html", context)
  File "C:\Users\C\AppData\Local\Programs\Python\Python314\Lib\site-packages\django\shortcuts.py", line 25, in render
    content = loader.render_to_string(template_name, context, request, using=using)
  File "C:\Users\C\AppData\Local\Programs\Python\Python314\Lib\site-packages\django\template\loader.py", line 62, in render_to_string
    return template.render(context, request)
           ~~~~~~~~~~~~~~~^^^^^^^^^^^^^^^^^^
  File "C:\Users\C\AppData\Local\Programs\Python\Python314\Lib\site-packages\django\template\backends\django.py", line 107, in render
    return self.template.render(context)
           ~~~~~~~~~~~~~~~~~~~~^^^^^^^^^
  File "C:\Users\C\AppData\Local\Programs\Python\Python314\Lib\site-packages\django\template\base.py", line 172, in render
    with context.bind_template(self):
         ~~~~~~~~~~~~~~~~~~~~~^^^^^^
  File "C:\Users\C\AppData\Local\Programs\Python\Python314\Lib\contextlib.py", line 141, in __enter__
    return next(self.gen)
  File "C:\Users\C\AppData\Local\Programs\Python\Python314\Lib\site-packages\django\template\context.py", line 263, in bind_template
    context = processor(self.request)
  File "C:\my django\my-ecommerce\themes\context_processors.py", line 14, in layout_processor
    active_theme = get_active_theme(request)
  File "C:\my django\my-ecommerce\themes\services.py", line 619, in get_active_theme
    active_theme = ensure_default_theme()
  File "C:\my django\my-ecommerce\themes\services.py", line 141, in ensure_default_theme
    theme, _ = Theme.objects.get_or_create(
               ~~~~~~~~~~~~~~~~~~~~~~~~~~~^
        slug=payload["slug"],
        ^^^^^^^^^^^^^^^^^^^^^
        defaults=payload,
        ^^^^^^^^^^^^^^^^^
    )
    ^
  File "C:\Users\C\AppData\Local\Programs\Python\Python314\Lib\site-packages\django\db\models\manager.py", line 87, in manager_method
    return getattr(self.get_queryset(), name)(*args, **kwargs)
           ~~~~~~~~~~~~~~~~~~~~~~~~~~~~~~~~~~^^^^^^^^^^^^^^^^^
  File "C:\Users\C\AppData\Local\Programs\Python\Python314\Lib\site-packages\django\db\models\query.py", line 989, in get_or_create
    params = self._extract_model_params(defaults, **kwargs)
  File "C:\Users\C\AppData\Local\Programs\Python\Python314\Lib\site-packages\django\db\models\query.py", line 1087, in _extract_model_params
    raise exceptions.FieldError(
    ...<5 lines>...
    )
django.core.exceptions.FieldError: Invalid field name(s) for model Theme: 'accent_color', 'bg_color', 'border_color', 'button_color', 'hover_color', 'primary_color', 'secondary_color', 'text_color'.
2026-07-11 22:45:56,419 [ERROR] Internal Server Error: /home/
Traceback (most recent call last):
  File "C:\Users\C\AppData\Local\Programs\Python\Python314\Lib\site-packages\django\db\models\query.py", line 987, in get_or_create
    return self.get(**kwargs), False
           ~~~~~~~~^^^^^^^^^^
  File "C:\Users\C\AppData\Local\Programs\Python\Python314\Lib\site-packages\django\db\models\query.py", line 639, in get
    raise self.model.DoesNotExist(
        "%s matching query does not exist." % self.model._meta.object_name
    )
themes.models.Theme.DoesNotExist: Theme matching query does not exist.

During handling of the above exception, another exception occurred:

Traceback (most recent call last):
  File "C:\Users\C\AppData\Local\Programs\Python\Python314\Lib\site-packages\django\core\handlers\exception.py", line 55, in inner
    response = get_response(request)
  File "C:\Users\C\AppData\Local\Programs\Python\Python314\Lib\site-packages\django\core\handlers\base.py", line 198, in _get_response
    response = wrapped_callback(request, *callback_args, **callback_kwargs)
  File "C:\my django\my-ecommerce\core\views.py", line 202, in home
    return render(request, "core/home.html", context)
  File "C:\Users\C\AppData\Local\Programs\Python\Python314\Lib\site-packages\django\shortcuts.py", line 25, in render
    content = loader.render_to_string(template_name, context, request, using=using)
  File "C:\Users\C\AppData\Local\Programs\Python\Python314\Lib\site-packages\django\template\loader.py", line 62, in render_to_string
    return template.render(context, request)
           ~~~~~~~~~~~~~~~^^^^^^^^^^^^^^^^^^
  File "C:\Users\C\AppData\Local\Programs\Python\Python314\Lib\site-packages\django\template\backends\django.py", line 107, in render
    return self.template.render(context)
           ~~~~~~~~~~~~~~~~~~~~^^^^^^^^^
  File "C:\Users\C\AppData\Local\Programs\Python\Python314\Lib\site-packages\django\template\base.py", line 172, in render
    with context.bind_template(self):
         ~~~~~~~~~~~~~~~~~~~~~^^^^^^
  File "C:\Users\C\AppData\Local\Programs\Python\Python314\Lib\contextlib.py", line 141, in __enter__
    return next(self.gen)
  File "C:\Users\C\AppData\Local\Programs\Python\Python314\Lib\site-packages\django\template\context.py", line 263, in bind_template
    context = processor(self.request)
  File "C:\my django\my-ecommerce\themes\context_processors.py", line 14, in layout_processor
    active_theme = get_active_theme(request)
  File "C:\my django\my-ecommerce\themes\services.py", line 619, in get_active_theme
    active_theme = ensure_default_theme()
  File "C:\my django\my-ecommerce\themes\services.py", line 141, in ensure_default_theme
    theme, _ = Theme.objects.get_or_create(
               ~~~~~~~~~~~~~~~~~~~~~~~~~~~^
        slug=payload["slug"],
        ^^^^^^^^^^^^^^^^^^^^^
        defaults=payload,
        ^^^^^^^^^^^^^^^^^
    )
    ^
  File "C:\Users\C\AppData\Local\Programs\Python\Python314\Lib\site-packages\django\db\models\manager.py", line 87, in manager_method
    return getattr(self.get_queryset(), name)(*args, **kwargs)
           ~~~~~~~~~~~~~~~~~~~~~~~~~~~~~~~~~~^^^^^^^^^^^^^^^^^
  File "C:\Users\C\AppData\Local\Programs\Python\Python314\Lib\site-packages\django\db\models\query.py", line 989, in get_or_create
    params = self._extract_model_params(defaults, **kwargs)
  File "C:\Users\C\AppData\Local\Programs\Python\Python314\Lib\site-packages\django\db\models\query.py", line 1087, in _extract_model_params
    raise exceptions.FieldError(
    ...<5 lines>...
    )
django.core.exceptions.FieldError: Invalid field name(s) for model Theme: 'accent_color', 'bg_color', 'border_color', 'button_color', 'hover_color', 'primary_color', 'secondary_color', 'text_color'.
2026-07-11 22:45:56,446 [ERROR] Internal Server Error: /home/
Traceback (most recent call last):
  File "C:\Users\C\AppData\Local\Programs\Python\Python314\Lib\site-packages\django\db\models\query.py", line 987, in get_or_create
    return self.get(**kwargs), False
           ~~~~~~~~^^^^^^^^^^
  File "C:\Users\C\AppData\Local\Programs\Python\Python314\Lib\site-packages\django\db\models\query.py", line 639, in get
    raise self.model.DoesNotExist(
        "%s matching query does not exist." % self.model._meta.object_name
    )
themes.models.Theme.DoesNotExist: Theme matching query does not exist.

During handling of the above exception, another exception occurred:

Traceback (most recent call last):
  File "C:\Users\C\AppData\Local\Programs\Python\Python314\Lib\site-packages\django\core\handlers\exception.py", line 55, in inner
    response = get_response(request)
  File "C:\Users\C\AppData\Local\Programs\Python\Python314\Lib\site-packages\django\core\handlers\base.py", line 198, in _get_response
    response = wrapped_callback(request, *callback_args, **callback_kwargs)
  File "C:\my django\my-ecommerce\core\views.py", line 202, in home
    return render(request, "core/home.html", context)
  File "C:\Users\C\AppData\Local\Programs\Python\Python314\Lib\site-packages\django\shortcuts.py", line 25, in render
    content = loader.render_to_string(template_name, context, request, using=using)
  File "C:\Users\C\AppData\Local\Programs\Python\Python314\Lib\site-packages\django\template\loader.py", line 62, in render_to_string
    return template.render(context, request)
           ~~~~~~~~~~~~~~~^^^^^^^^^^^^^^^^^^
  File "C:\Users\C\AppData\Local\Programs\Python\Python314\Lib\site-packages\django\template\backends\django.py", line 107, in render
    return self.template.render(context)
           ~~~~~~~~~~~~~~~~~~~~^^^^^^^^^
  File "C:\Users\C\AppData\Local\Programs\Python\Python314\Lib\site-packages\django\template\base.py", line 172, in render
    with context.bind_template(self):
         ~~~~~~~~~~~~~~~~~~~~~^^^^^^
  File "C:\Users\C\AppData\Local\Programs\Python\Python314\Lib\contextlib.py", line 141, in __enter__
    return next(self.gen)
  File "C:\Users\C\AppData\Local\Programs\Python\Python314\Lib\site-packages\django\template\context.py", line 263, in bind_template
    context = processor(self.request)
  File "C:\my django\my-ecommerce\themes\context_processors.py", line 14, in layout_processor
    active_theme = get_active_theme(request)
  File "C:\my django\my-ecommerce\themes\services.py", line 619, in get_active_theme
    active_theme = ensure_default_theme()
  File "C:\my django\my-ecommerce\themes\services.py", line 141, in ensure_default_theme
    theme, _ = Theme.objects.get_or_create(
               ~~~~~~~~~~~~~~~~~~~~~~~~~~~^
        slug=payload["slug"],
        ^^^^^^^^^^^^^^^^^^^^^
        defaults=payload,
        ^^^^^^^^^^^^^^^^^
    )
    ^
  File "C:\Users\C\AppData\Local\Programs\Python\Python314\Lib\site-packages\django\db\models\manager.py", line 87, in manager_method
    return getattr(self.get_queryset(), name)(*args, **kwargs)
           ~~~~~~~~~~~~~~~~~~~~~~~~~~~~~~~~~~^^^^^^^^^^^^^^^^^
  File "C:\Users\C\AppData\Local\Programs\Python\Python314\Lib\site-packages\django\db\models\query.py", line 989, in get_or_create
    params = self._extract_model_params(defaults, **kwargs)
  File "C:\Users\C\AppData\Local\Programs\Python\Python314\Lib\site-packages\django\db\models\query.py", line 1087, in _extract_model_params
    raise exceptions.FieldError(
    ...<5 lines>...
    )
django.core.exceptions.FieldError: Invalid field name(s) for model Theme: 'accent_color', 'bg_color', 'border_color', 'button_color', 'hover_color', 'primary_color', 'secondary_color', 'text_color'.
2026-07-11 22:45:56,469 [ERROR] Internal Server Error: /home/
Traceback (most recent call last):
  File "C:\Users\C\AppData\Local\Programs\Python\Python314\Lib\site-packages\django\db\models\query.py", line 987, in get_or_create
    return self.get(**kwargs), False
           ~~~~~~~~^^^^^^^^^^
  File "C:\Users\C\AppData\Local\Programs\Python\Python314\Lib\site-packages\django\db\models\query.py", line 639, in get
    raise self.model.DoesNotExist(
        "%s matching query does not exist." % self.model._meta.object_name
    )
themes.models.Theme.DoesNotExist: Theme matching query does not exist.

During handling of the above exception, another exception occurred:

Traceback (most recent call last):
  File "C:\Users\C\AppData\Local\Programs\Python\Python314\Lib\site-packages\django\core\handlers\exception.py", line 55, in inner
    response = get_response(request)
  File "C:\Users\C\AppData\Local\Programs\Python\Python314\Lib\site-packages\django\core\handlers\base.py", line 198, in _get_response
    response = wrapped_callback(request, *callback_args, **callback_kwargs)
  File "C:\my django\my-ecommerce\core\views.py", line 202, in home
    return render(request, "core/home.html", context)
  File "C:\Users\C\AppData\Local\Programs\Python\Python314\Lib\site-packages\django\shortcuts.py", line 25, in render
    content = loader.render_to_string(template_name, context, request, using=using)
  File "C:\Users\C\AppData\Local\Programs\Python\Python314\Lib\site-packages\django\template\loader.py", line 62, in render_to_string
    return template.render(context, request)
           ~~~~~~~~~~~~~~~^^^^^^^^^^^^^^^^^^
  File "C:\Users\C\AppData\Local\Programs\Python\Python314\Lib\site-packages\django\template\backends\django.py", line 107, in render
    return self.template.render(context)
           ~~~~~~~~~~~~~~~~~~~~^^^^^^^^^
  File "C:\Users\C\AppData\Local\Programs\Python\Python314\Lib\site-packages\django\template\base.py", line 172, in render
    with context.bind_template(self):
         ~~~~~~~~~~~~~~~~~~~~~^^^^^^
  File "C:\Users\C\AppData\Local\Programs\Python\Python314\Lib\contextlib.py", line 141, in __enter__
    return next(self.gen)
  File "C:\Users\C\AppData\Local\Programs\Python\Python314\Lib\site-packages\django\template\context.py", line 263, in bind_template
    context = processor(self.request)
  File "C:\my django\my-ecommerce\themes\context_processors.py", line 14, in layout_processor
    active_theme = get_active_theme(request)
  File "C:\my django\my-ecommerce\themes\services.py", line 619, in get_active_theme
    active_theme = ensure_default_theme()
  File "C:\my django\my-ecommerce\themes\services.py", line 141, in ensure_default_theme
    theme, _ = Theme.objects.get_or_create(
               ~~~~~~~~~~~~~~~~~~~~~~~~~~~^
        slug=payload["slug"],
        ^^^^^^^^^^^^^^^^^^^^^
        defaults=payload,
        ^^^^^^^^^^^^^^^^^
    )
    ^
  File "C:\Users\C\AppData\Local\Programs\Python\Python314\Lib\site-packages\django\db\models\manager.py", line 87, in manager_method
    return getattr(self.get_queryset(), name)(*args, **kwargs)
           ~~~~~~~~~~~~~~~~~~~~~~~~~~~~~~~~~~^^^^^^^^^^^^^^^^^
  File "C:\Users\C\AppData\Local\Programs\Python\Python314\Lib\site-packages\django\db\models\query.py", line 989, in get_or_create
    params = self._extract_model_params(defaults, **kwargs)
  File "C:\Users\C\AppData\Local\Programs\Python\Python314\Lib\site-packages\django\db\models\query.py", line 1087, in _extract_model_params
    raise exceptions.FieldError(
    ...<5 lines>...
    )
django.core.exceptions.FieldError: Invalid field name(s) for model Theme: 'accent_color', 'bg_color', 'border_color', 'button_color', 'hover_color', 'primary_color', 'secondary_color', 'text_color'.
2026-07-11 22:45:56,496 [ERROR] Internal Server Error: /home/
Traceback (most recent call last):
  File "C:\Users\C\AppData\Local\Programs\Python\Python314\Lib\site-packages\django\db\models\query.py", line 987, in get_or_create
    return self.get(**kwargs), False
           ~~~~~~~~^^^^^^^^^^
  File "C:\Users\C\AppData\Local\Programs\Python\Python314\Lib\site-packages\django\db\models\query.py", line 639, in get
    raise self.model.DoesNotExist(
        "%s matching query does not exist." % self.model._meta.object_name
    )
themes.models.Theme.DoesNotExist: Theme matching query does not exist.

During handling of the above exception, another exception occurred:

Traceback (most recent call last):
  File "C:\Users\C\AppData\Local\Programs\Python\Python314\Lib\site-packages\django\core\handlers\exception.py", line 55, in inner
    response = get_response(request)
  File "C:\Users\C\AppData\Local\Programs\Python\Python314\Lib\site-packages\django\core\handlers\base.py", line 198, in _get_response
    response = wrapped_callback(request, *callback_args, **callback_kwargs)
  File "C:\my django\my-ecommerce\core\views.py", line 202, in home
    return render(request, "core/home.html", context)
  File "C:\Users\C\AppData\Local\Programs\Python\Python314\Lib\site-packages\django\shortcuts.py", line 25, in render
    content = loader.render_to_string(template_name, context, request, using=using)
  File "C:\Users\C\AppData\Local\Programs\Python\Python314\Lib\site-packages\django\template\loader.py", line 62, in render_to_string
    return template.render(context, request)
           ~~~~~~~~~~~~~~~^^^^^^^^^^^^^^^^^^
  File "C:\Users\C\AppData\Local\Programs\Python\Python314\Lib\site-packages\django\template\backends\django.py", line 107, in render
    return self.template.render(context)
           ~~~~~~~~~~~~~~~~~~~~^^^^^^^^^
  File "C:\Users\C\AppData\Local\Programs\Python\Python314\Lib\site-packages\django\template\base.py", line 172, in render
    with context.bind_template(self):
         ~~~~~~~~~~~~~~~~~~~~~^^^^^^
  File "C:\Users\C\AppData\Local\Programs\Python\Python314\Lib\contextlib.py", line 141, in __enter__
    return next(self.gen)
  File "C:\Users\C\AppData\Local\Programs\Python\Python314\Lib\site-packages\django\template\context.py", line 263, in bind_template
    context = processor(self.request)
  File "C:\my django\my-ecommerce\themes\context_processors.py", line 14, in layout_processor
    active_theme = get_active_theme(request)
  File "C:\my django\my-ecommerce\themes\services.py", line 619, in get_active_theme
    active_theme = ensure_default_theme()
  File "C:\my django\my-ecommerce\themes\services.py", line 141, in ensure_default_theme
    theme, _ = Theme.objects.get_or_create(
               ~~~~~~~~~~~~~~~~~~~~~~~~~~~^
        slug=payload["slug"],
        ^^^^^^^^^^^^^^^^^^^^^
        defaults=payload,
        ^^^^^^^^^^^^^^^^^
    )
    ^
  File "C:\Users\C\AppData\Local\Programs\Python\Python314\Lib\site-packages\django\db\models\manager.py", line 87, in manager_method
    return getattr(self.get_queryset(), name)(*args, **kwargs)
           ~~~~~~~~~~~~~~~~~~~~~~~~~~~~~~~~~~^^^^^^^^^^^^^^^^^
  File "C:\Users\C\AppData\Local\Programs\Python\Python314\Lib\site-packages\django\db\models\query.py", line 989, in get_or_create
    params = self._extract_model_params(defaults, **kwargs)
  File "C:\Users\C\AppData\Local\Programs\Python\Python314\Lib\site-packages\django\db\models\query.py", line 1087, in _extract_model_params
    raise exceptions.FieldError(
    ...<5 lines>...
    )
django.core.exceptions.FieldError: Invalid field name(s) for model Theme: 'accent_color', 'bg_color', 'border_color', 'button_color', 'hover_color', 'primary_color', 'secondary_color', 'text_color'.
2026-07-11 22:45:56,521 [ERROR] Internal Server Error: /home/
Traceback (most recent call last):
  File "C:\Users\C\AppData\Local\Programs\Python\Python314\Lib\site-packages\django\db\models\query.py", line 987, in get_or_create
    return self.get(**kwargs), False
           ~~~~~~~~^^^^^^^^^^
  File "C:\Users\C\AppData\Local\Programs\Python\Python314\Lib\site-packages\django\db\models\query.py", line 639, in get
    raise self.model.DoesNotExist(
        "%s matching query does not exist." % self.model._meta.object_name
    )
themes.models.Theme.DoesNotExist: Theme matching query does not exist.

During handling of the above exception, another exception occurred:

Traceback (most recent call last):
  File "C:\Users\C\AppData\Local\Programs\Python\Python314\Lib\site-packages\django\core\handlers\exception.py", line 55, in inner
    response = get_response(request)
  File "C:\Users\C\AppData\Local\Programs\Python\Python314\Lib\site-packages\django\core\handlers\base.py", line 198, in _get_response
    response = wrapped_callback(request, *callback_args, **callback_kwargs)
  File "C:\my django\my-ecommerce\core\views.py", line 202, in home
    return render(request, "core/home.html", context)
  File "C:\Users\C\AppData\Local\Programs\Python\Python314\Lib\site-packages\django\shortcuts.py", line 25, in render
    content = loader.render_to_string(template_name, context, request, using=using)
  File "C:\Users\C\AppData\Local\Programs\Python\Python314\Lib\site-packages\django\template\loader.py", line 62, in render_to_string
    return template.render(context, request)
           ~~~~~~~~~~~~~~~^^^^^^^^^^^^^^^^^^
  File "C:\Users\C\AppData\Local\Programs\Python\Python314\Lib\site-packages\django\template\backends\django.py", line 107, in render
    return self.template.render(context)
           ~~~~~~~~~~~~~~~~~~~~^^^^^^^^^
  File "C:\Users\C\AppData\Local\Programs\Python\Python314\Lib\site-packages\django\template\base.py", line 172, in render
    with context.bind_template(self):
         ~~~~~~~~~~~~~~~~~~~~~^^^^^^
  File "C:\Users\C\AppData\Local\Programs\Python\Python314\Lib\contextlib.py", line 141, in __enter__
    return next(self.gen)
  File "C:\Users\C\AppData\Local\Programs\Python\Python314\Lib\site-packages\django\template\context.py", line 263, in bind_template
    context = processor(self.request)
  File "C:\my django\my-ecommerce\themes\context_processors.py", line 14, in layout_processor
    active_theme = get_active_theme(request)
  File "C:\my django\my-ecommerce\themes\services.py", line 619, in get_active_theme
    active_theme = ensure_default_theme()
  File "C:\my django\my-ecommerce\themes\services.py", line 141, in ensure_default_theme
    theme, _ = Theme.objects.get_or_create(
               ~~~~~~~~~~~~~~~~~~~~~~~~~~~^
        slug=payload["slug"],
        ^^^^^^^^^^^^^^^^^^^^^
        defaults=payload,
        ^^^^^^^^^^^^^^^^^
    )
    ^
  File "C:\Users\C\AppData\Local\Programs\Python\Python314\Lib\site-packages\django\db\models\manager.py", line 87, in manager_method
    return getattr(self.get_queryset(), name)(*args, **kwargs)
           ~~~~~~~~~~~~~~~~~~~~~~~~~~~~~~~~~~^^^^^^^^^^^^^^^^^
  File "C:\Users\C\AppData\Local\Programs\Python\Python314\Lib\site-packages\django\db\models\query.py", line 989, in get_or_create
    params = self._extract_model_params(defaults, **kwargs)
  File "C:\Users\C\AppData\Local\Programs\Python\Python314\Lib\site-packages\django\db\models\query.py", line 1087, in _extract_model_params
    raise exceptions.FieldError(
    ...<5 lines>...
    )
django.core.exceptions.FieldError: Invalid field name(s) for model Theme: 'accent_color', 'bg_color', 'border_color', 'button_color', 'hover_color', 'primary_color', 'secondary_color', 'text_color'.
2026-07-11 22:45:56,560 [ERROR] Internal Server Error: /home/
Traceback (most recent call last):
  File "C:\Users\C\AppData\Local\Programs\Python\Python314\Lib\site-packages\django\db\models\query.py", line 987, in get_or_create
    return self.get(**kwargs), False
           ~~~~~~~~^^^^^^^^^^
  File "C:\Users\C\AppData\Local\Programs\Python\Python314\Lib\site-packages\django\db\models\query.py", line 639, in get
    raise self.model.DoesNotExist(
        "%s matching query does not exist." % self.model._meta.object_name
    )
themes.models.Theme.DoesNotExist: Theme matching query does not exist.

During handling of the above exception, another exception occurred:

Traceback (most recent call last):
  File "C:\Users\C\AppData\Local\Programs\Python\Python314\Lib\site-packages\django\core\handlers\exception.py", line 55, in inner
    response = get_response(request)
  File "C:\Users\C\AppData\Local\Programs\Python\Python314\Lib\site-packages\django\core\handlers\base.py", line 198, in _get_response
    response = wrapped_callback(request, *callback_args, **callback_kwargs)
  File "C:\my django\my-ecommerce\core\views.py", line 202, in home
    return render(request, "core/home.html", context)
  File "C:\Users\C\AppData\Local\Programs\Python\Python314\Lib\site-packages\django\shortcuts.py", line 25, in render
    content = loader.render_to_string(template_name, context, request, using=using)
  File "C:\Users\C\AppData\Local\Programs\Python\Python314\Lib\site-packages\django\template\loader.py", line 62, in render_to_string
    return template.render(context, request)
           ~~~~~~~~~~~~~~~^^^^^^^^^^^^^^^^^^
  File "C:\Users\C\AppData\Local\Programs\Python\Python314\Lib\site-packages\django\template\backends\django.py", line 107, in render
    return self.template.render(context)
           ~~~~~~~~~~~~~~~~~~~~^^^^^^^^^
  File "C:\Users\C\AppData\Local\Programs\Python\Python314\Lib\site-packages\django\template\base.py", line 172, in render
    with context.bind_template(self):
         ~~~~~~~~~~~~~~~~~~~~~^^^^^^
  File "C:\Users\C\AppData\Local\Programs\Python\Python314\Lib\contextlib.py", line 141, in __enter__
    return next(self.gen)
  File "C:\Users\C\AppData\Local\Programs\Python\Python314\Lib\site-packages\django\template\context.py", line 263, in bind_template
    context = processor(self.request)
  File "C:\my django\my-ecommerce\themes\context_processors.py", line 14, in layout_processor
    active_theme = get_active_theme(request)
  File "C:\my django\my-ecommerce\themes\services.py", line 619, in get_active_theme
    active_theme = ensure_default_theme()
  File "C:\my django\my-ecommerce\themes\services.py", line 141, in ensure_default_theme
    theme, _ = Theme.objects.get_or_create(
               ~~~~~~~~~~~~~~~~~~~~~~~~~~~^
        slug=payload["slug"],
        ^^^^^^^^^^^^^^^^^^^^^
        defaults=payload,
        ^^^^^^^^^^^^^^^^^
    )
    ^
  File "C:\Users\C\AppData\Local\Programs\Python\Python314\Lib\site-packages\django\db\models\manager.py", line 87, in manager_method
    return getattr(self.get_queryset(), name)(*args, **kwargs)
           ~~~~~~~~~~~~~~~~~~~~~~~~~~~~~~~~~~^^^^^^^^^^^^^^^^^
  File "C:\Users\C\AppData\Local\Programs\Python\Python314\Lib\site-packages\django\db\models\query.py", line 989, in get_or_create
    params = self._extract_model_params(defaults, **kwargs)
  File "C:\Users\C\AppData\Local\Programs\Python\Python314\Lib\site-packages\django\db\models\query.py", line 1087, in _extract_model_params
    raise exceptions.FieldError(
    ...<5 lines>...
    )
django.core.exceptions.FieldError: Invalid field name(s) for model Theme: 'accent_color', 'bg_color', 'border_color', 'button_color', 'hover_color', 'primary_color', 'secondary_color', 'text_color'.
2026-07-11 22:45:56,602 [ERROR] Internal Server Error: /home/
Traceback (most recent call last):
  File "C:\Users\C\AppData\Local\Programs\Python\Python314\Lib\site-packages\django\db\models\query.py", line 987, in get_or_create
    return self.get(**kwargs), False
           ~~~~~~~~^^^^^^^^^^
  File "C:\Users\C\AppData\Local\Programs\Python\Python314\Lib\site-packages\django\db\models\query.py", line 639, in get
    raise self.model.DoesNotExist(
        "%s matching query does not exist." % self.model._meta.object_name
    )
themes.models.Theme.DoesNotExist: Theme matching query does not exist.

During handling of the above exception, another exception occurred:

Traceback (most recent call last):
  File "C:\Users\C\AppData\Local\Programs\Python\Python314\Lib\site-packages\django\core\handlers\exception.py", line 55, in inner
    response = get_response(request)
  File "C:\Users\C\AppData\Local\Programs\Python\Python314\Lib\site-packages\django\core\handlers\base.py", line 198, in _get_response
    response = wrapped_callback(request, *callback_args, **callback_kwargs)
  File "C:\my django\my-ecommerce\core\views.py", line 202, in home
    return render(request, "core/home.html", context)
  File "C:\Users\C\AppData\Local\Programs\Python\Python314\Lib\site-packages\django\shortcuts.py", line 25, in render
    content = loader.render_to_string(template_name, context, request, using=using)
  File "C:\Users\C\AppData\Local\Programs\Python\Python314\Lib\site-packages\django\template\loader.py", line 62, in render_to_string
    return template.render(context, request)
           ~~~~~~~~~~~~~~~^^^^^^^^^^^^^^^^^^
  File "C:\Users\C\AppData\Local\Programs\Python\Python314\Lib\site-packages\django\template\backends\django.py", line 107, in render
    return self.template.render(context)
           ~~~~~~~~~~~~~~~~~~~~^^^^^^^^^
  File "C:\Users\C\AppData\Local\Programs\Python\Python314\Lib\site-packages\django\template\base.py", line 172, in render
    with context.bind_template(self):
         ~~~~~~~~~~~~~~~~~~~~~^^^^^^
  File "C:\Users\C\AppData\Local\Programs\Python\Python314\Lib\contextlib.py", line 141, in __enter__
    return next(self.gen)
  File "C:\Users\C\AppData\Local\Programs\Python\Python314\Lib\site-packages\django\template\context.py", line 263, in bind_template
    context = processor(self.request)
  File "C:\my django\my-ecommerce\themes\context_processors.py", line 14, in layout_processor
    active_theme = get_active_theme(request)
  File "C:\my django\my-ecommerce\themes\services.py", line 619, in get_active_theme
    active_theme = ensure_default_theme()
  File "C:\my django\my-ecommerce\themes\services.py", line 141, in ensure_default_theme
    theme, _ = Theme.objects.get_or_create(
               ~~~~~~~~~~~~~~~~~~~~~~~~~~~^
        slug=payload["slug"],
        ^^^^^^^^^^^^^^^^^^^^^
        defaults=payload,
        ^^^^^^^^^^^^^^^^^
    )
    ^
  File "C:\Users\C\AppData\Local\Programs\Python\Python314\Lib\site-packages\django\db\models\manager.py", line 87, in manager_method
    return getattr(self.get_queryset(), name)(*args, **kwargs)
           ~~~~~~~~~~~~~~~~~~~~~~~~~~~~~~~~~~^^^^^^^^^^^^^^^^^
  File "C:\Users\C\AppData\Local\Programs\Python\Python314\Lib\site-packages\django\db\models\query.py", line 989, in get_or_create
    params = self._extract_model_params(defaults, **kwargs)
  File "C:\Users\C\AppData\Local\Programs\Python\Python314\Lib\site-packages\django\db\models\query.py", line 1087, in _extract_model_params
    raise exceptions.FieldError(
    ...<5 lines>...
    )
django.core.exceptions.FieldError: Invalid field name(s) for model Theme: 'accent_color', 'bg_color', 'border_color', 'button_color', 'hover_color', 'primary_color', 'secondary_color', 'text_color'.
2026-07-11 22:45:56,628 [ERROR] Internal Server Error: /home/
Traceback (most recent call last):
  File "C:\Users\C\AppData\Local\Programs\Python\Python314\Lib\site-packages\django\db\models\query.py", line 987, in get_or_create
    return self.get(**kwargs), False
           ~~~~~~~~^^^^^^^^^^
  File "C:\Users\C\AppData\Local\Programs\Python\Python314\Lib\site-packages\django\db\models\query.py", line 639, in get
    raise self.model.DoesNotExist(
        "%s matching query does not exist." % self.model._meta.object_name
    )
themes.models.Theme.DoesNotExist: Theme matching query does not exist.

During handling of the above exception, another exception occurred:

Traceback (most recent call last):
  File "C:\Users\C\AppData\Local\Programs\Python\Python314\Lib\site-packages\django\core\handlers\exception.py", line 55, in inner
    response = get_response(request)
  File "C:\Users\C\AppData\Local\Programs\Python\Python314\Lib\site-packages\django\core\handlers\base.py", line 198, in _get_response
    response = wrapped_callback(request, *callback_args, **callback_kwargs)
  File "C:\my django\my-ecommerce\core\views.py", line 202, in home
    return render(request, "core/home.html", context)
  File "C:\Users\C\AppData\Local\Programs\Python\Python314\Lib\site-packages\django\shortcuts.py", line 25, in render
    content = loader.render_to_string(template_name, context, request, using=using)
  File "C:\Users\C\AppData\Local\Programs\Python\Python314\Lib\site-packages\django\template\loader.py", line 62, in render_to_string
    return template.render(context, request)
           ~~~~~~~~~~~~~~~^^^^^^^^^^^^^^^^^^
  File "C:\Users\C\AppData\Local\Programs\Python\Python314\Lib\site-packages\django\template\backends\django.py", line 107, in render
    return self.template.render(context)
           ~~~~~~~~~~~~~~~~~~~~^^^^^^^^^
  File "C:\Users\C\AppData\Local\Programs\Python\Python314\Lib\site-packages\django\template\base.py", line 172, in render
    with context.bind_template(self):
         ~~~~~~~~~~~~~~~~~~~~~^^^^^^
  File "C:\Users\C\AppData\Local\Programs\Python\Python314\Lib\contextlib.py", line 141, in __enter__
    return next(self.gen)
  File "C:\Users\C\AppData\Local\Programs\Python\Python314\Lib\site-packages\django\template\context.py", line 263, in bind_template
    context = processor(self.request)
  File "C:\my django\my-ecommerce\themes\context_processors.py", line 14, in layout_processor
    active_theme = get_active_theme(request)
  File "C:\my django\my-ecommerce\themes\services.py", line 619, in get_active_theme
    active_theme = ensure_default_theme()
  File "C:\my django\my-ecommerce\themes\services.py", line 141, in ensure_default_theme
    theme, _ = Theme.objects.get_or_create(
               ~~~~~~~~~~~~~~~~~~~~~~~~~~~^
        slug=payload["slug"],
        ^^^^^^^^^^^^^^^^^^^^^
        defaults=payload,
        ^^^^^^^^^^^^^^^^^
    )
    ^
  File "C:\Users\C\AppData\Local\Programs\Python\Python314\Lib\site-packages\django\db\models\manager.py", line 87, in manager_method
    return getattr(self.get_queryset(), name)(*args, **kwargs)
           ~~~~~~~~~~~~~~~~~~~~~~~~~~~~~~~~~~^^^^^^^^^^^^^^^^^
  File "C:\Users\C\AppData\Local\Programs\Python\Python314\Lib\site-packages\django\db\models\query.py", line 989, in get_or_create
    params = self._extract_model_params(defaults, **kwargs)
  File "C:\Users\C\AppData\Local\Programs\Python\Python314\Lib\site-packages\django\db\models\query.py", line 1087, in _extract_model_params
    raise exceptions.FieldError(
    ...<5 lines>...
    )
django.core.exceptions.FieldError: Invalid field name(s) for model Theme: 'accent_color', 'bg_color', 'border_color', 'button_color', 'hover_color', 'primary_color', 'secondary_color', 'text_color'.
2026-07-11 22:45:56,652 [ERROR] Internal Server Error: /home/
Traceback (most recent call last):
  File "C:\Users\C\AppData\Local\Programs\Python\Python314\Lib\site-packages\django\db\models\query.py", line 987, in get_or_create
    return self.get(**kwargs), False
           ~~~~~~~~^^^^^^^^^^
  File "C:\Users\C\AppData\Local\Programs\Python\Python314\Lib\site-packages\django\db\models\query.py", line 639, in get
    raise self.model.DoesNotExist(
        "%s matching query does not exist." % self.model._meta.object_name
    )
themes.models.Theme.DoesNotExist: Theme matching query does not exist.

During handling of the above exception, another exception occurred:

Traceback (most recent call last):
  File "C:\Users\C\AppData\Local\Programs\Python\Python314\Lib\site-packages\django\core\handlers\exception.py", line 55, in inner
    response = get_response(request)
  File "C:\Users\C\AppData\Local\Programs\Python\Python314\Lib\site-packages\django\core\handlers\base.py", line 198, in _get_response
    response = wrapped_callback(request, *callback_args, **callback_kwargs)
  File "C:\my django\my-ecommerce\core\views.py", line 202, in home
    return render(request, "core/home.html", context)
  File "C:\Users\C\AppData\Local\Programs\Python\Python314\Lib\site-packages\django\shortcuts.py", line 25, in render
    content = loader.render_to_string(template_name, context, request, using=using)
  File "C:\Users\C\AppData\Local\Programs\Python\Python314\Lib\site-packages\django\template\loader.py", line 62, in render_to_string
    return template.render(context, request)
           ~~~~~~~~~~~~~~~^^^^^^^^^^^^^^^^^^
  File "C:\Users\C\AppData\Local\Programs\Python\Python314\Lib\site-packages\django\template\backends\django.py", line 107, in render
    return self.template.render(context)
           ~~~~~~~~~~~~~~~~~~~~^^^^^^^^^
  File "C:\Users\C\AppData\Local\Programs\Python\Python314\Lib\site-packages\django\template\base.py", line 172, in render
    with context.bind_template(self):
         ~~~~~~~~~~~~~~~~~~~~~^^^^^^
  File "C:\Users\C\AppData\Local\Programs\Python\Python314\Lib\contextlib.py", line 141, in __enter__
    return next(self.gen)
  File "C:\Users\C\AppData\Local\Programs\Python\Python314\Lib\site-packages\django\template\context.py", line 263, in bind_template
    context = processor(self.request)
  File "C:\my django\my-ecommerce\themes\context_processors.py", line 14, in layout_processor
    active_theme = get_active_theme(request)
  File "C:\my django\my-ecommerce\themes\services.py", line 619, in get_active_theme
    active_theme = ensure_default_theme()
  File "C:\my django\my-ecommerce\themes\services.py", line 141, in ensure_default_theme
    theme, _ = Theme.objects.get_or_create(
               ~~~~~~~~~~~~~~~~~~~~~~~~~~~^
        slug=payload["slug"],
        ^^^^^^^^^^^^^^^^^^^^^
        defaults=payload,
        ^^^^^^^^^^^^^^^^^
    )
    ^
  File "C:\Users\C\AppData\Local\Programs\Python\Python314\Lib\site-packages\django\db\models\manager.py", line 87, in manager_method
    return getattr(self.get_queryset(), name)(*args, **kwargs)
           ~~~~~~~~~~~~~~~~~~~~~~~~~~~~~~~~~~^^^^^^^^^^^^^^^^^
  File "C:\Users\C\AppData\Local\Programs\Python\Python314\Lib\site-packages\django\db\models\query.py", line 989, in get_or_create
    params = self._extract_model_params(defaults, **kwargs)
  File "C:\Users\C\AppData\Local\Programs\Python\Python314\Lib\site-packages\django\db\models\query.py", line 1087, in _extract_model_params
    raise exceptions.FieldError(
    ...<5 lines>...
    )
django.core.exceptions.FieldError: Invalid field name(s) for model Theme: 'accent_color', 'bg_color', 'border_color', 'button_color', 'hover_color', 'primary_color', 'secondary_color', 'text_color'.
2026-07-11 22:45:56,682 [ERROR] Internal Server Error: /home/
Traceback (most recent call last):
  File "C:\Users\C\AppData\Local\Programs\Python\Python314\Lib\site-packages\django\db\models\query.py", line 987, in get_or_create
    return self.get(**kwargs), False
           ~~~~~~~~^^^^^^^^^^
  File "C:\Users\C\AppData\Local\Programs\Python\Python314\Lib\site-packages\django\db\models\query.py", line 639, in get
    raise self.model.DoesNotExist(
        "%s matching query does not exist." % self.model._meta.object_name
    )
themes.models.Theme.DoesNotExist: Theme matching query does not exist.

During handling of the above exception, another exception occurred:

Traceback (most recent call last):
  File "C:\Users\C\AppData\Local\Programs\Python\Python314\Lib\site-packages\django\core\handlers\exception.py", line 55, in inner
    response = get_response(request)
  File "C:\Users\C\AppData\Local\Programs\Python\Python314\Lib\site-packages\django\core\handlers\base.py", line 198, in _get_response
    response = wrapped_callback(request, *callback_args, **callback_kwargs)
  File "C:\my django\my-ecommerce\core\views.py", line 202, in home
    return render(request, "core/home.html", context)
  File "C:\Users\C\AppData\Local\Programs\Python\Python314\Lib\site-packages\django\shortcuts.py", line 25, in render
    content = loader.render_to_string(template_name, context, request, using=using)
  File "C:\Users\C\AppData\Local\Programs\Python\Python314\Lib\site-packages\django\template\loader.py", line 62, in render_to_string
    return template.render(context, request)
           ~~~~~~~~~~~~~~~^^^^^^^^^^^^^^^^^^
  File "C:\Users\C\AppData\Local\Programs\Python\Python314\Lib\site-packages\django\template\backends\django.py", line 107, in render
    return self.template.render(context)
           ~~~~~~~~~~~~~~~~~~~~^^^^^^^^^
  File "C:\Users\C\AppData\Local\Programs\Python\Python314\Lib\site-packages\django\template\base.py", line 172, in render
    with context.bind_template(self):
         ~~~~~~~~~~~~~~~~~~~~~^^^^^^
  File "C:\Users\C\AppData\Local\Programs\Python\Python314\Lib\contextlib.py", line 141, in __enter__
    return next(self.gen)
  File "C:\Users\C\AppData\Local\Programs\Python\Python314\Lib\site-packages\django\template\context.py", line 263, in bind_template
    context = processor(self.request)
  File "C:\my django\my-ecommerce\themes\context_processors.py", line 14, in layout_processor
    active_theme = get_active_theme(request)
  File "C:\my django\my-ecommerce\themes\services.py", line 619, in get_active_theme
    active_theme = ensure_default_theme()
  File "C:\my django\my-ecommerce\themes\services.py", line 141, in ensure_default_theme
    theme, _ = Theme.objects.get_or_create(
               ~~~~~~~~~~~~~~~~~~~~~~~~~~~^
        slug=payload["slug"],
        ^^^^^^^^^^^^^^^^^^^^^
        defaults=payload,
        ^^^^^^^^^^^^^^^^^
    )
    ^
  File "C:\Users\C\AppData\Local\Programs\Python\Python314\Lib\site-packages\django\db\models\manager.py", line 87, in manager_method
    return getattr(self.get_queryset(), name)(*args, **kwargs)
           ~~~~~~~~~~~~~~~~~~~~~~~~~~~~~~~~~~^^^^^^^^^^^^^^^^^
  File "C:\Users\C\AppData\Local\Programs\Python\Python314\Lib\site-packages\django\db\models\query.py", line 989, in get_or_create
    params = self._extract_model_params(defaults, **kwargs)
  File "C:\Users\C\AppData\Local\Programs\Python\Python314\Lib\site-packages\django\db\models\query.py", line 1087, in _extract_model_params
    raise exceptions.FieldError(
    ...<5 lines>...
    )
django.core.exceptions.FieldError: Invalid field name(s) for model Theme: 'accent_color', 'bg_color', 'border_color', 'button_color', 'hover_color', 'primary_color', 'secondary_color', 'text_color'.
2026-07-11 22:45:57,240 [ERROR] Internal Server Error: /login/
Traceback (most recent call last):
  File "C:\Users\C\AppData\Local\Programs\Python\Python314\Lib\site-packages\django\db\models\query.py", line 987, in get_or_create
    return self.get(**kwargs), False
           ~~~~~~~~^^^^^^^^^^
  File "C:\Users\C\AppData\Local\Programs\Python\Python314\Lib\site-packages\django\db\models\query.py", line 639, in get
    raise self.model.DoesNotExist(
        "%s matching query does not exist." % self.model._meta.object_name
    )
themes.models.Theme.DoesNotExist: Theme matching query does not exist.

During handling of the above exception, another exception occurred:

Traceback (most recent call last):
  File "C:\Users\C\AppData\Local\Programs\Python\Python314\Lib\site-packages\django\core\handlers\exception.py", line 55, in inner
    response = get_response(request)
  File "C:\Users\C\AppData\Local\Programs\Python\Python314\Lib\site-packages\django\core\handlers\base.py", line 221, in _get_response
    response = response.render()
  File "C:\Users\C\AppData\Local\Programs\Python\Python314\Lib\site-packages\django\template\response.py", line 114, in render
    self.content = self.rendered_content
                   ^^^^^^^^^^^^^^^^^^^^^
  File "C:\Users\C\AppData\Local\Programs\Python\Python314\Lib\site-packages\django\template\response.py", line 92, in rendered_content
    return template.render(context, self._request)
           ~~~~~~~~~~~~~~~^^^^^^^^^^^^^^^^^^^^^^^^
  File "C:\Users\C\AppData\Local\Programs\Python\Python314\Lib\site-packages\django\template\backends\django.py", line 107, in render
    return self.template.render(context)
           ~~~~~~~~~~~~~~~~~~~~^^^^^^^^^
  File "C:\Users\C\AppData\Local\Programs\Python\Python314\Lib\site-packages\django\template\base.py", line 172, in render
    with context.bind_template(self):
         ~~~~~~~~~~~~~~~~~~~~~^^^^^^
  File "C:\Users\C\AppData\Local\Programs\Python\Python314\Lib\contextlib.py", line 141, in __enter__
    return next(self.gen)
  File "C:\Users\C\AppData\Local\Programs\Python\Python314\Lib\site-packages\django\template\context.py", line 263, in bind_template
    context = processor(self.request)
  File "C:\my django\my-ecommerce\themes\context_processors.py", line 14, in layout_processor
    active_theme = get_active_theme(request)
  File "C:\my django\my-ecommerce\themes\services.py", line 619, in get_active_theme
    active_theme = ensure_default_theme()
  File "C:\my django\my-ecommerce\themes\services.py", line 141, in ensure_default_theme
    theme, _ = Theme.objects.get_or_create(
               ~~~~~~~~~~~~~~~~~~~~~~~~~~~^
        slug=payload["slug"],
        ^^^^^^^^^^^^^^^^^^^^^
        defaults=payload,
        ^^^^^^^^^^^^^^^^^
    )
    ^
  File "C:\Users\C\AppData\Local\Programs\Python\Python314\Lib\site-packages\django\db\models\manager.py", line 87, in manager_method
    return getattr(self.get_queryset(), name)(*args, **kwargs)
           ~~~~~~~~~~~~~~~~~~~~~~~~~~~~~~~~~~^^^^^^^^^^^^^^^^^
  File "C:\Users\C\AppData\Local\Programs\Python\Python314\Lib\site-packages\django\db\models\query.py", line 989, in get_or_create
    params = self._extract_model_params(defaults, **kwargs)
  File "C:\Users\C\AppData\Local\Programs\Python\Python314\Lib\site-packages\django\db\models\query.py", line 1087, in _extract_model_params
    raise exceptions.FieldError(
    ...<5 lines>...
    )
django.core.exceptions.FieldError: Invalid field name(s) for model Theme: 'accent_color', 'bg_color', 'border_color', 'button_color', 'hover_color', 'primary_color', 'secondary_color', 'text_color'.
2026-07-11 22:45:57,751 [ERROR] Internal Server Error: /login/
Traceback (most recent call last):
  File "C:\Users\C\AppData\Local\Programs\Python\Python314\Lib\site-packages\django\db\models\query.py", line 987, in get_or_create
    return self.get(**kwargs), False
           ~~~~~~~~^^^^^^^^^^
  File "C:\Users\C\AppData\Local\Programs\Python\Python314\Lib\site-packages\django\db\models\query.py", line 639, in get
    raise self.model.DoesNotExist(
        "%s matching query does not exist." % self.model._meta.object_name
    )
themes.models.Theme.DoesNotExist: Theme matching query does not exist.

During handling of the above exception, another exception occurred:

Traceback (most recent call last):
  File "C:\Users\C\AppData\Local\Programs\Python\Python314\Lib\site-packages\django\core\handlers\exception.py", line 55, in inner
    response = get_response(request)
  File "C:\Users\C\AppData\Local\Programs\Python\Python314\Lib\site-packages\django\core\handlers\base.py", line 221, in _get_response
    response = response.render()
  File "C:\Users\C\AppData\Local\Programs\Python\Python314\Lib\site-packages\django\template\response.py", line 114, in render
    self.content = self.rendered_content
                   ^^^^^^^^^^^^^^^^^^^^^
  File "C:\Users\C\AppData\Local\Programs\Python\Python314\Lib\site-packages\django\template\response.py", line 92, in rendered_content
    return template.render(context, self._request)
           ~~~~~~~~~~~~~~~^^^^^^^^^^^^^^^^^^^^^^^^
  File "C:\Users\C\AppData\Local\Programs\Python\Python314\Lib\site-packages\django\template\backends\django.py", line 107, in render
    return self.template.render(context)
           ~~~~~~~~~~~~~~~~~~~~^^^^^^^^^
  File "C:\Users\C\AppData\Local\Programs\Python\Python314\Lib\site-packages\django\template\base.py", line 172, in render
    with context.bind_template(self):
         ~~~~~~~~~~~~~~~~~~~~~^^^^^^
  File "C:\Users\C\AppData\Local\Programs\Python\Python314\Lib\contextlib.py", line 141, in __enter__
    return next(self.gen)
  File "C:\Users\C\AppData\Local\Programs\Python\Python314\Lib\site-packages\django\template\context.py", line 263, in bind_template
    context = processor(self.request)
  File "C:\my django\my-ecommerce\themes\context_processors.py", line 14, in layout_processor
    active_theme = get_active_theme(request)
  File "C:\my django\my-ecommerce\themes\services.py", line 619, in get_active_theme
    active_theme = ensure_default_theme()
  File "C:\my django\my-ecommerce\themes\services.py", line 141, in ensure_default_theme
    theme, _ = Theme.objects.get_or_create(
               ~~~~~~~~~~~~~~~~~~~~~~~~~~~^
        slug=payload["slug"],
        ^^^^^^^^^^^^^^^^^^^^^
        defaults=payload,
        ^^^^^^^^^^^^^^^^^
    )
    ^
  File "C:\Users\C\AppData\Local\Programs\Python\Python314\Lib\site-packages\django\db\models\manager.py", line 87, in manager_method
    return getattr(self.get_queryset(), name)(*args, **kwargs)
           ~~~~~~~~~~~~~~~~~~~~~~~~~~~~~~~~~~^^^^^^^^^^^^^^^^^
  File "C:\Users\C\AppData\Local\Programs\Python\Python314\Lib\site-packages\django\db\models\query.py", line 989, in get_or_create
    params = self._extract_model_params(defaults, **kwargs)
  File "C:\Users\C\AppData\Local\Programs\Python\Python314\Lib\site-packages\django\db\models\query.py", line 1087, in _extract_model_params
    raise exceptions.FieldError(
    ...<5 lines>...
    )
django.core.exceptions.FieldError: Invalid field name(s) for model Theme: 'accent_color', 'bg_color', 'border_color', 'button_color', 'hover_color', 'primary_color', 'secondary_color', 'text_color'.
2026-07-11 22:45:58,265 [ERROR] Internal Server Error: /home/
Traceback (most recent call last):
  File "C:\Users\C\AppData\Local\Programs\Python\Python314\Lib\site-packages\django\db\models\query.py", line 987, in get_or_create
    return self.get(**kwargs), False
           ~~~~~~~~^^^^^^^^^^
  File "C:\Users\C\AppData\Local\Programs\Python\Python314\Lib\site-packages\django\db\models\query.py", line 639, in get
    raise self.model.DoesNotExist(
        "%s matching query does not exist." % self.model._meta.object_name
    )
themes.models.Theme.DoesNotExist: Theme matching query does not exist.

During handling of the above exception, another exception occurred:

Traceback (most recent call last):
  File "C:\Users\C\AppData\Local\Programs\Python\Python314\Lib\site-packages\django\core\handlers\exception.py", line 55, in inner
    response = get_response(request)
  File "C:\Users\C\AppData\Local\Programs\Python\Python314\Lib\site-packages\django\core\handlers\base.py", line 198, in _get_response
    response = wrapped_callback(request, *callback_args, **callback_kwargs)
  File "C:\my django\my-ecommerce\core\views.py", line 202, in home
    return render(request, "core/home.html", context)
  File "C:\Users\C\AppData\Local\Programs\Python\Python314\Lib\site-packages\django\shortcuts.py", line 25, in render
    content = loader.render_to_string(template_name, context, request, using=using)
  File "C:\Users\C\AppData\Local\Programs\Python\Python314\Lib\site-packages\django\template\loader.py", line 62, in render_to_string
    return template.render(context, request)
           ~~~~~~~~~~~~~~~^^^^^^^^^^^^^^^^^^
  File "C:\Users\C\AppData\Local\Programs\Python\Python314\Lib\site-packages\django\template\backends\django.py", line 107, in render
    return self.template.render(context)
           ~~~~~~~~~~~~~~~~~~~~^^^^^^^^^
  File "C:\Users\C\AppData\Local\Programs\Python\Python314\Lib\site-packages\django\template\base.py", line 172, in render
    with context.bind_template(self):
         ~~~~~~~~~~~~~~~~~~~~~^^^^^^
  File "C:\Users\C\AppData\Local\Programs\Python\Python314\Lib\contextlib.py", line 141, in __enter__
    return next(self.gen)
  File "C:\Users\C\AppData\Local\Programs\Python\Python314\Lib\site-packages\django\template\context.py", line 263, in bind_template
    context = processor(self.request)
  File "C:\my django\my-ecommerce\themes\context_processors.py", line 14, in layout_processor
    active_theme = get_active_theme(request)
  File "C:\my django\my-ecommerce\themes\services.py", line 619, in get_active_theme
    active_theme = ensure_default_theme()
  File "C:\my django\my-ecommerce\themes\services.py", line 141, in ensure_default_theme
    theme, _ = Theme.objects.get_or_create(
               ~~~~~~~~~~~~~~~~~~~~~~~~~~~^
        slug=payload["slug"],
        ^^^^^^^^^^^^^^^^^^^^^
        defaults=payload,
        ^^^^^^^^^^^^^^^^^
    )
    ^
  File "C:\Users\C\AppData\Local\Programs\Python\Python314\Lib\site-packages\django\db\models\manager.py", line 87, in manager_method
    return getattr(self.get_queryset(), name)(*args, **kwargs)
           ~~~~~~~~~~~~~~~~~~~~~~~~~~~~~~~~~~^^^^^^^^^^^^^^^^^
  File "C:\Users\C\AppData\Local\Programs\Python\Python314\Lib\site-packages\django\db\models\query.py", line 989, in get_or_create
    params = self._extract_model_params(defaults, **kwargs)
  File "C:\Users\C\AppData\Local\Programs\Python\Python314\Lib\site-packages\django\db\models\query.py", line 1087, in _extract_model_params
    raise exceptions.FieldError(
    ...<5 lines>...
    )
django.core.exceptions.FieldError: Invalid field name(s) for model Theme: 'accent_color', 'bg_color', 'border_color', 'button_color', 'hover_color', 'primary_color', 'secondary_color', 'text_color'.
2026-07-11 22:45:59,258 [ERROR] Internal Server Error: /cart/
Traceback (most recent call last):
  File "C:\Users\C\AppData\Local\Programs\Python\Python314\Lib\site-packages\django\db\models\query.py", line 987, in get_or_create
    return self.get(**kwargs), False
           ~~~~~~~~^^^^^^^^^^
  File "C:\Users\C\AppData\Local\Programs\Python\Python314\Lib\site-packages\django\db\models\query.py", line 639, in get
    raise self.model.DoesNotExist(
        "%s matching query does not exist." % self.model._meta.object_name
    )
themes.models.Theme.DoesNotExist: Theme matching query does not exist.

During handling of the above exception, another exception occurred:

Traceback (most recent call last):
  File "C:\Users\C\AppData\Local\Programs\Python\Python314\Lib\site-packages\django\core\handlers\exception.py", line 55, in inner
    response = get_response(request)
  File "C:\Users\C\AppData\Local\Programs\Python\Python314\Lib\site-packages\django\core\handlers\base.py", line 198, in _get_response
    response = wrapped_callback(request, *callback_args, **callback_kwargs)
  File "C:\Users\C\AppData\Local\Programs\Python\Python314\Lib\site-packages\django\contrib\auth\decorators.py", line 59, in _view_wrapper
    return view_func(request, *args, **kwargs)
  File "C:\my django\my-ecommerce\cart\views.py", line 60, in cart_detail
    return render(
        request,
    ...<7 lines>...
        },
    )
  File "C:\Users\C\AppData\Local\Programs\Python\Python314\Lib\site-packages\django\shortcuts.py", line 25, in render
    content = loader.render_to_string(template_name, context, request, using=using)
  File "C:\Users\C\AppData\Local\Programs\Python\Python314\Lib\site-packages\django\template\loader.py", line 62, in render_to_string
    return template.render(context, request)
           ~~~~~~~~~~~~~~~^^^^^^^^^^^^^^^^^^
  File "C:\Users\C\AppData\Local\Programs\Python\Python314\Lib\site-packages\django\template\backends\django.py", line 107, in render
    return self.template.render(context)
           ~~~~~~~~~~~~~~~~~~~~^^^^^^^^^
  File "C:\Users\C\AppData\Local\Programs\Python\Python314\Lib\site-packages\django\template\base.py", line 172, in render
    with context.bind_template(self):
         ~~~~~~~~~~~~~~~~~~~~~^^^^^^
  File "C:\Users\C\AppData\Local\Programs\Python\Python314\Lib\contextlib.py", line 141, in __enter__
    return next(self.gen)
  File "C:\Users\C\AppData\Local\Programs\Python\Python314\Lib\site-packages\django\template\context.py", line 263, in bind_template
    context = processor(self.request)
  File "C:\my django\my-ecommerce\themes\context_processors.py", line 14, in layout_processor
    active_theme = get_active_theme(request)
  File "C:\my django\my-ecommerce\themes\services.py", line 619, in get_active_theme
    active_theme = ensure_default_theme()
  File "C:\my django\my-ecommerce\themes\services.py", line 141, in ensure_default_theme
    theme, _ = Theme.objects.get_or_create(
               ~~~~~~~~~~~~~~~~~~~~~~~~~~~^
        slug=payload["slug"],
        ^^^^^^^^^^^^^^^^^^^^^
        defaults=payload,
        ^^^^^^^^^^^^^^^^^
    )
    ^
  File "C:\Users\C\AppData\Local\Programs\Python\Python314\Lib\site-packages\django\db\models\manager.py", line 87, in manager_method
    return getattr(self.get_queryset(), name)(*args, **kwargs)
           ~~~~~~~~~~~~~~~~~~~~~~~~~~~~~~~~~~^^^^^^^^^^^^^^^^^
  File "C:\Users\C\AppData\Local\Programs\Python\Python314\Lib\site-packages\django\db\models\query.py", line 989, in get_or_create
    params = self._extract_model_params(defaults, **kwargs)
  File "C:\Users\C\AppData\Local\Programs\Python\Python314\Lib\site-packages\django\db\models\query.py", line 1087, in _extract_model_params
    raise exceptions.FieldError(
    ...<5 lines>...
    )
django.core.exceptions.FieldError: Invalid field name(s) for model Theme: 'accent_color', 'bg_color', 'border_color', 'button_color', 'hover_color', 'primary_color', 'secondary_color', 'text_color'.
2026-07-11 22:45:59,282 [ERROR] Internal Server Error: /home/
Traceback (most recent call last):
  File "C:\Users\C\AppData\Local\Programs\Python\Python314\Lib\site-packages\django\db\models\query.py", line 987, in get_or_create
    return self.get(**kwargs), False
           ~~~~~~~~^^^^^^^^^^
  File "C:\Users\C\AppData\Local\Programs\Python\Python314\Lib\site-packages\django\db\models\query.py", line 639, in get
    raise self.model.DoesNotExist(
        "%s matching query does not exist." % self.model._meta.object_name
    )
themes.models.Theme.DoesNotExist: Theme matching query does not exist.

During handling of the above exception, another exception occurred:

Traceback (most recent call last):
  File "C:\Users\C\AppData\Local\Programs\Python\Python314\Lib\site-packages\django\core\handlers\exception.py", line 55, in inner
    response = get_response(request)
  File "C:\Users\C\AppData\Local\Programs\Python\Python314\Lib\site-packages\django\core\handlers\base.py", line 198, in _get_response
    response = wrapped_callback(request, *callback_args, **callback_kwargs)
  File "C:\my django\my-ecommerce\core\views.py", line 202, in home
    return render(request, "core/home.html", context)
  File "C:\Users\C\AppData\Local\Programs\Python\Python314\Lib\site-packages\django\shortcuts.py", line 25, in render
    content = loader.render_to_string(template_name, context, request, using=using)
  File "C:\Users\C\AppData\Local\Programs\Python\Python314\Lib\site-packages\django\template\loader.py", line 62, in render_to_string
    return template.render(context, request)
           ~~~~~~~~~~~~~~~^^^^^^^^^^^^^^^^^^
  File "C:\Users\C\AppData\Local\Programs\Python\Python314\Lib\site-packages\django\template\backends\django.py", line 107, in render
    return self.template.render(context)
           ~~~~~~~~~~~~~~~~~~~~^^^^^^^^^
  File "C:\Users\C\AppData\Local\Programs\Python\Python314\Lib\site-packages\django\template\base.py", line 172, in render
    with context.bind_template(self):
         ~~~~~~~~~~~~~~~~~~~~~^^^^^^
  File "C:\Users\C\AppData\Local\Programs\Python\Python314\Lib\contextlib.py", line 141, in __enter__
    return next(self.gen)
  File "C:\Users\C\AppData\Local\Programs\Python\Python314\Lib\site-packages\django\template\context.py", line 263, in bind_template
    context = processor(self.request)
  File "C:\my django\my-ecommerce\themes\context_processors.py", line 14, in layout_processor
    active_theme = get_active_theme(request)
  File "C:\my django\my-ecommerce\themes\services.py", line 619, in get_active_theme
    active_theme = ensure_default_theme()
  File "C:\my django\my-ecommerce\themes\services.py", line 141, in ensure_default_theme
    theme, _ = Theme.objects.get_or_create(
               ~~~~~~~~~~~~~~~~~~~~~~~~~~~^
        slug=payload["slug"],
        ^^^^^^^^^^^^^^^^^^^^^
        defaults=payload,
        ^^^^^^^^^^^^^^^^^
    )
    ^
  File "C:\Users\C\AppData\Local\Programs\Python\Python314\Lib\site-packages\django\db\models\manager.py", line 87, in manager_method
    return getattr(self.get_queryset(), name)(*args, **kwargs)
           ~~~~~~~~~~~~~~~~~~~~~~~~~~~~~~~~~~^^^^^^^^^^^^^^^^^
  File "C:\Users\C\AppData\Local\Programs\Python\Python314\Lib\site-packages\django\db\models\query.py", line 989, in get_or_create
    params = self._extract_model_params(defaults, **kwargs)
  File "C:\Users\C\AppData\Local\Programs\Python\Python314\Lib\site-packages\django\db\models\query.py", line 1087, in _extract_model_params
    raise exceptions.FieldError(
    ...<5 lines>...
    )
django.core.exceptions.FieldError: Invalid field name(s) for model Theme: 'accent_color', 'bg_color', 'border_color', 'button_color', 'hover_color', 'primary_color', 'secondary_color', 'text_color'.
2026-07-11 22:46:01,236 [WARNING] Not Found: /fonts/file/108/
2026-07-11 22:46:04,593 [ERROR] Internal Server Error: /brand/1/
Traceback (most recent call last):
  File "C:\Users\C\AppData\Local\Programs\Python\Python314\Lib\site-packages\django\db\models\query.py", line 987, in get_or_create
    return self.get(**kwargs), False
           ~~~~~~~~^^^^^^^^^^
  File "C:\Users\C\AppData\Local\Programs\Python\Python314\Lib\site-packages\django\db\models\query.py", line 639, in get
    raise self.model.DoesNotExist(
        "%s matching query does not exist." % self.model._meta.object_name
    )
themes.models.Theme.DoesNotExist: Theme matching query does not exist.

During handling of the above exception, another exception occurred:

Traceback (most recent call last):
  File "C:\Users\C\AppData\Local\Programs\Python\Python314\Lib\site-packages\django\core\handlers\exception.py", line 55, in inner
    response = get_response(request)
  File "C:\Users\C\AppData\Local\Programs\Python\Python314\Lib\site-packages\django\core\handlers\base.py", line 198, in _get_response
    response = wrapped_callback(request, *callback_args, **callback_kwargs)
  File "C:\my django\my-ecommerce\products\views.py", line 298, in brand_detail
    return render(
        request,
    ...<17 lines>...
        }
    )
  File "C:\Users\C\AppData\Local\Programs\Python\Python314\Lib\site-packages\django\shortcuts.py", line 25, in render
    content = loader.render_to_string(template_name, context, request, using=using)
  File "C:\Users\C\AppData\Local\Programs\Python\Python314\Lib\site-packages\django\template\loader.py", line 62, in render_to_string
    return template.render(context, request)
           ~~~~~~~~~~~~~~~^^^^^^^^^^^^^^^^^^
  File "C:\Users\C\AppData\Local\Programs\Python\Python314\Lib\site-packages\django\template\backends\django.py", line 107, in render
    return self.template.render(context)
           ~~~~~~~~~~~~~~~~~~~~^^^^^^^^^
  File "C:\Users\C\AppData\Local\Programs\Python\Python314\Lib\site-packages\django\template\base.py", line 172, in render
    with context.bind_template(self):
         ~~~~~~~~~~~~~~~~~~~~~^^^^^^
  File "C:\Users\C\AppData\Local\Programs\Python\Python314\Lib\contextlib.py", line 141, in __enter__
    return next(self.gen)
  File "C:\Users\C\AppData\Local\Programs\Python\Python314\Lib\site-packages\django\template\context.py", line 263, in bind_template
    context = processor(self.request)
  File "C:\my django\my-ecommerce\themes\context_processors.py", line 14, in layout_processor
    active_theme = get_active_theme(request)
  File "C:\my django\my-ecommerce\themes\services.py", line 619, in get_active_theme
    active_theme = ensure_default_theme()
  File "C:\my django\my-ecommerce\themes\services.py", line 141, in ensure_default_theme
    theme, _ = Theme.objects.get_or_create(
               ~~~~~~~~~~~~~~~~~~~~~~~~~~~^
        slug=payload["slug"],
        ^^^^^^^^^^^^^^^^^^^^^
        defaults=payload,
        ^^^^^^^^^^^^^^^^^
    )
    ^
  File "C:\Users\C\AppData\Local\Programs\Python\Python314\Lib\site-packages\django\db\models\manager.py", line 87, in manager_method
    return getattr(self.get_queryset(), name)(*args, **kwargs)
           ~~~~~~~~~~~~~~~~~~~~~~~~~~~~~~~~~~^^^^^^^^^^^^^^^^^
  File "C:\Users\C\AppData\Local\Programs\Python\Python314\Lib\site-packages\django\db\models\query.py", line 989, in get_or_create
    params = self._extract_model_params(defaults, **kwargs)
  File "C:\Users\C\AppData\Local\Programs\Python\Python314\Lib\site-packages\django\db\models\query.py", line 1087, in _extract_model_params
    raise exceptions.FieldError(
    ...<5 lines>...
    )
django.core.exceptions.FieldError: Invalid field name(s) for model Theme: 'accent_color', 'bg_color', 'border_color', 'button_color', 'hover_color', 'primary_color', 'secondary_color', 'text_color'.
2026-07-11 22:46:05,127 [ERROR] Internal Server Error: /brand/1/
Traceback (most recent call last):
  File "C:\Users\C\AppData\Local\Programs\Python\Python314\Lib\site-packages\django\db\models\query.py", line 987, in get_or_create
    return self.get(**kwargs), False
           ~~~~~~~~^^^^^^^^^^
  File "C:\Users\C\AppData\Local\Programs\Python\Python314\Lib\site-packages\django\db\models\query.py", line 639, in get
    raise self.model.DoesNotExist(
        "%s matching query does not exist." % self.model._meta.object_name
    )
themes.models.Theme.DoesNotExist: Theme matching query does not exist.

During handling of the above exception, another exception occurred:

Traceback (most recent call last):
  File "C:\Users\C\AppData\Local\Programs\Python\Python314\Lib\site-packages\django\core\handlers\exception.py", line 55, in inner
    response = get_response(request)
  File "C:\Users\C\AppData\Local\Programs\Python\Python314\Lib\site-packages\django\core\handlers\base.py", line 198, in _get_response
    response = wrapped_callback(request, *callback_args, **callback_kwargs)
  File "C:\my django\my-ecommerce\products\views.py", line 298, in brand_detail
    return render(
        request,
    ...<17 lines>...
        }
    )
  File "C:\Users\C\AppData\Local\Programs\Python\Python314\Lib\site-packages\django\shortcuts.py", line 25, in render
    content = loader.render_to_string(template_name, context, request, using=using)
  File "C:\Users\C\AppData\Local\Programs\Python\Python314\Lib\site-packages\django\template\loader.py", line 62, in render_to_string
    return template.render(context, request)
           ~~~~~~~~~~~~~~~^^^^^^^^^^^^^^^^^^
  File "C:\Users\C\AppData\Local\Programs\Python\Python314\Lib\site-packages\django\template\backends\django.py", line 107, in render
    return self.template.render(context)
           ~~~~~~~~~~~~~~~~~~~~^^^^^^^^^
  File "C:\Users\C\AppData\Local\Programs\Python\Python314\Lib\site-packages\django\template\base.py", line 172, in render
    with context.bind_template(self):
         ~~~~~~~~~~~~~~~~~~~~~^^^^^^
  File "C:\Users\C\AppData\Local\Programs\Python\Python314\Lib\contextlib.py", line 141, in __enter__
    return next(self.gen)
  File "C:\Users\C\AppData\Local\Programs\Python\Python314\Lib\site-packages\django\template\context.py", line 263, in bind_template
    context = processor(self.request)
  File "C:\my django\my-ecommerce\themes\context_processors.py", line 14, in layout_processor
    active_theme = get_active_theme(request)
  File "C:\my django\my-ecommerce\themes\services.py", line 619, in get_active_theme
    active_theme = ensure_default_theme()
  File "C:\my django\my-ecommerce\themes\services.py", line 141, in ensure_default_theme
    theme, _ = Theme.objects.get_or_create(
               ~~~~~~~~~~~~~~~~~~~~~~~~~~~^
        slug=payload["slug"],
        ^^^^^^^^^^^^^^^^^^^^^
        defaults=payload,
        ^^^^^^^^^^^^^^^^^
    )
    ^
  File "C:\Users\C\AppData\Local\Programs\Python\Python314\Lib\site-packages\django\db\models\manager.py", line 87, in manager_method
    return getattr(self.get_queryset(), name)(*args, **kwargs)
           ~~~~~~~~~~~~~~~~~~~~~~~~~~~~~~~~~~^^^^^^^^^^^^^^^^^
  File "C:\Users\C\AppData\Local\Programs\Python\Python314\Lib\site-packages\django\db\models\query.py", line 989, in get_or_create
    params = self._extract_model_params(defaults, **kwargs)
  File "C:\Users\C\AppData\Local\Programs\Python\Python314\Lib\site-packages\django\db\models\query.py", line 1087, in _extract_model_params
    raise exceptions.FieldError(
    ...<5 lines>...
    )
django.core.exceptions.FieldError: Invalid field name(s) for model Theme: 'accent_color', 'bg_color', 'border_color', 'button_color', 'hover_color', 'primary_color', 'secondary_color', 'text_color'.
2026-07-11 22:46:05,660 [ERROR] Internal Server Error: /brand/1/
Traceback (most recent call last):
  File "C:\Users\C\AppData\Local\Programs\Python\Python314\Lib\site-packages\django\db\models\query.py", line 987, in get_or_create
    return self.get(**kwargs), False
           ~~~~~~~~^^^^^^^^^^
  File "C:\Users\C\AppData\Local\Programs\Python\Python314\Lib\site-packages\django\db\models\query.py", line 639, in get
    raise self.model.DoesNotExist(
        "%s matching query does not exist." % self.model._meta.object_name
    )
themes.models.Theme.DoesNotExist: Theme matching query does not exist.

During handling of the above exception, another exception occurred:

Traceback (most recent call last):
  File "C:\Users\C\AppData\Local\Programs\Python\Python314\Lib\site-packages\django\core\handlers\exception.py", line 55, in inner
    response = get_response(request)
  File "C:\Users\C\AppData\Local\Programs\Python\Python314\Lib\site-packages\django\core\handlers\base.py", line 198, in _get_response
    response = wrapped_callback(request, *callback_args, **callback_kwargs)
  File "C:\my django\my-ecommerce\products\views.py", line 298, in brand_detail
    return render(
        request,
    ...<17 lines>...
        }
    )
  File "C:\Users\C\AppData\Local\Programs\Python\Python314\Lib\site-packages\django\shortcuts.py", line 25, in render
    content = loader.render_to_string(template_name, context, request, using=using)
  File "C:\Users\C\AppData\Local\Programs\Python\Python314\Lib\site-packages\django\template\loader.py", line 62, in render_to_string
    return template.render(context, request)
           ~~~~~~~~~~~~~~~^^^^^^^^^^^^^^^^^^
  File "C:\Users\C\AppData\Local\Programs\Python\Python314\Lib\site-packages\django\template\backends\django.py", line 107, in render
    return self.template.render(context)
           ~~~~~~~~~~~~~~~~~~~~^^^^^^^^^
  File "C:\Users\C\AppData\Local\Programs\Python\Python314\Lib\site-packages\django\template\base.py", line 172, in render
    with context.bind_template(self):
         ~~~~~~~~~~~~~~~~~~~~~^^^^^^
  File "C:\Users\C\AppData\Local\Programs\Python\Python314\Lib\contextlib.py", line 141, in __enter__
    return next(self.gen)
  File "C:\Users\C\AppData\Local\Programs\Python\Python314\Lib\site-packages\django\template\context.py", line 263, in bind_template
    context = processor(self.request)
  File "C:\my django\my-ecommerce\themes\context_processors.py", line 14, in layout_processor
    active_theme = get_active_theme(request)
  File "C:\my django\my-ecommerce\themes\services.py", line 619, in get_active_theme
    active_theme = ensure_default_theme()
  File "C:\my django\my-ecommerce\themes\services.py", line 141, in ensure_default_theme
    theme, _ = Theme.objects.get_or_create(
               ~~~~~~~~~~~~~~~~~~~~~~~~~~~^
        slug=payload["slug"],
        ^^^^^^^^^^^^^^^^^^^^^
        defaults=payload,
        ^^^^^^^^^^^^^^^^^
    )
    ^
  File "C:\Users\C\AppData\Local\Programs\Python\Python314\Lib\site-packages\django\db\models\manager.py", line 87, in manager_method
    return getattr(self.get_queryset(), name)(*args, **kwargs)
           ~~~~~~~~~~~~~~~~~~~~~~~~~~~~~~~~~~^^^^^^^^^^^^^^^^^
  File "C:\Users\C\AppData\Local\Programs\Python\Python314\Lib\site-packages\django\db\models\query.py", line 989, in get_or_create
    params = self._extract_model_params(defaults, **kwargs)
  File "C:\Users\C\AppData\Local\Programs\Python\Python314\Lib\site-packages\django\db\models\query.py", line 1087, in _extract_model_params
    raise exceptions.FieldError(
    ...<5 lines>...
    )
django.core.exceptions.FieldError: Invalid field name(s) for model Theme: 'accent_color', 'bg_color', 'border_color', 'button_color', 'hover_color', 'primary_color', 'secondary_color', 'text_color'.
2026-07-11 22:46:06,186 [ERROR] Internal Server Error: /admin/products/brandherobanner/add/
Traceback (most recent call last):
  File "C:\Users\C\AppData\Local\Programs\Python\Python314\Lib\site-packages\django\db\models\query.py", line 987, in get_or_create
    return self.get(**kwargs), False
           ~~~~~~~~^^^^^^^^^^
  File "C:\Users\C\AppData\Local\Programs\Python\Python314\Lib\site-packages\django\db\models\query.py", line 639, in get
    raise self.model.DoesNotExist(
        "%s matching query does not exist." % self.model._meta.object_name
    )
themes.models.Theme.DoesNotExist: Theme matching query does not exist.

During handling of the above exception, another exception occurred:

Traceback (most recent call last):
  File "C:\Users\C\AppData\Local\Programs\Python\Python314\Lib\site-packages\django\core\handlers\exception.py", line 55, in inner
    response = get_response(request)
  File "C:\Users\C\AppData\Local\Programs\Python\Python314\Lib\site-packages\django\core\handlers\base.py", line 221, in _get_response
    response = response.render()
  File "C:\Users\C\AppData\Local\Programs\Python\Python314\Lib\site-packages\django\template\response.py", line 114, in render
    self.content = self.rendered_content
                   ^^^^^^^^^^^^^^^^^^^^^
  File "C:\Users\C\AppData\Local\Programs\Python\Python314\Lib\site-packages\django\template\response.py", line 92, in rendered_content
    return template.render(context, self._request)
           ~~~~~~~~~~~~~~~^^^^^^^^^^^^^^^^^^^^^^^^
  File "C:\Users\C\AppData\Local\Programs\Python\Python314\Lib\site-packages\django\template\backends\django.py", line 107, in render
    return self.template.render(context)
           ~~~~~~~~~~~~~~~~~~~~^^^^^^^^^
  File "C:\Users\C\AppData\Local\Programs\Python\Python314\Lib\site-packages\django\template\base.py", line 172, in render
    with context.bind_template(self):
         ~~~~~~~~~~~~~~~~~~~~~^^^^^^
  File "C:\Users\C\AppData\Local\Programs\Python\Python314\Lib\contextlib.py", line 141, in __enter__
    return next(self.gen)
  File "C:\Users\C\AppData\Local\Programs\Python\Python314\Lib\site-packages\django\template\context.py", line 263, in bind_template
    context = processor(self.request)
  File "C:\my django\my-ecommerce\themes\context_processors.py", line 14, in layout_processor
    active_theme = get_active_theme(request)
  File "C:\my django\my-ecommerce\themes\services.py", line 619, in get_active_theme
    active_theme = ensure_default_theme()
  File "C:\my django\my-ecommerce\themes\services.py", line 141, in ensure_default_theme
    theme, _ = Theme.objects.get_or_create(
               ~~~~~~~~~~~~~~~~~~~~~~~~~~~^
        slug=payload["slug"],
        ^^^^^^^^^^^^^^^^^^^^^
        defaults=payload,
        ^^^^^^^^^^^^^^^^^
    )
    ^
  File "C:\Users\C\AppData\Local\Programs\Python\Python314\Lib\site-packages\django\db\models\manager.py", line 87, in manager_method
    return getattr(self.get_queryset(), name)(*args, **kwargs)
           ~~~~~~~~~~~~~~~~~~~~~~~~~~~~~~~~~~^^^^^^^^^^^^^^^^^
  File "C:\Users\C\AppData\Local\Programs\Python\Python314\Lib\site-packages\django\db\models\query.py", line 989, in get_or_create
    params = self._extract_model_params(defaults, **kwargs)
  File "C:\Users\C\AppData\Local\Programs\Python\Python314\Lib\site-packages\django\db\models\query.py", line 1087, in _extract_model_params
    raise exceptions.FieldError(
    ...<5 lines>...
    )
django.core.exceptions.FieldError: Invalid field name(s) for model Theme: 'accent_color', 'bg_color', 'border_color', 'button_color', 'hover_color', 'primary_color', 'secondary_color', 'text_color'.
2026-07-11 22:46:09,242 [ERROR] Internal Server Error: /admin/products/product/1/change/
Traceback (most recent call last):
  File "C:\Users\C\AppData\Local\Programs\Python\Python314\Lib\site-packages\django\db\models\query.py", line 987, in get_or_create
    return self.get(**kwargs), False
           ~~~~~~~~^^^^^^^^^^
  File "C:\Users\C\AppData\Local\Programs\Python\Python314\Lib\site-packages\django\db\models\query.py", line 639, in get
    raise self.model.DoesNotExist(
        "%s matching query does not exist." % self.model._meta.object_name
    )
themes.models.Theme.DoesNotExist: Theme matching query does not exist.

During handling of the above exception, another exception occurred:

Traceback (most recent call last):
  File "C:\Users\C\AppData\Local\Programs\Python\Python314\Lib\site-packages\django\core\handlers\exception.py", line 55, in inner
    response = get_response(request)
  File "C:\Users\C\AppData\Local\Programs\Python\Python314\Lib\site-packages\django\core\handlers\base.py", line 221, in _get_response
    response = response.render()
  File "C:\Users\C\AppData\Local\Programs\Python\Python314\Lib\site-packages\django\template\response.py", line 114, in render
    self.content = self.rendered_content
                   ^^^^^^^^^^^^^^^^^^^^^
  File "C:\Users\C\AppData\Local\Programs\Python\Python314\Lib\site-packages\django\template\response.py", line 92, in rendered_content
    return template.render(context, self._request)
           ~~~~~~~~~~~~~~~^^^^^^^^^^^^^^^^^^^^^^^^
  File "C:\Users\C\AppData\Local\Programs\Python\Python314\Lib\site-packages\django\template\backends\django.py", line 107, in render
    return self.template.render(context)
           ~~~~~~~~~~~~~~~~~~~~^^^^^^^^^
  File "C:\Users\C\AppData\Local\Programs\Python\Python314\Lib\site-packages\django\template\base.py", line 172, in render
    with context.bind_template(self):
         ~~~~~~~~~~~~~~~~~~~~~^^^^^^
  File "C:\Users\C\AppData\Local\Programs\Python\Python314\Lib\contextlib.py", line 141, in __enter__
    return next(self.gen)
  File "C:\Users\C\AppData\Local\Programs\Python\Python314\Lib\site-packages\django\template\context.py", line 263, in bind_template
    context = processor(self.request)
  File "C:\my django\my-ecommerce\themes\context_processors.py", line 14, in layout_processor
    active_theme = get_active_theme(request)
  File "C:\my django\my-ecommerce\themes\services.py", line 619, in get_active_theme
    active_theme = ensure_default_theme()
  File "C:\my django\my-ecommerce\themes\services.py", line 141, in ensure_default_theme
    theme, _ = Theme.objects.get_or_create(
               ~~~~~~~~~~~~~~~~~~~~~~~~~~~^
        slug=payload["slug"],
        ^^^^^^^^^^^^^^^^^^^^^
        defaults=payload,
        ^^^^^^^^^^^^^^^^^
    )
    ^
  File "C:\Users\C\AppData\Local\Programs\Python\Python314\Lib\site-packages\django\db\models\manager.py", line 87, in manager_method
    return getattr(self.get_queryset(), name)(*args, **kwargs)
           ~~~~~~~~~~~~~~~~~~~~~~~~~~~~~~~~~~^^^^^^^^^^^^^^^^^
  File "C:\Users\C\AppData\Local\Programs\Python\Python314\Lib\site-packages\django\db\models\query.py", line 989, in get_or_create
    params = self._extract_model_params(defaults, **kwargs)
  File "C:\Users\C\AppData\Local\Programs\Python\Python314\Lib\site-packages\django\db\models\query.py", line 1087, in _extract_model_params
    raise exceptions.FieldError(
    ...<5 lines>...
    )
django.core.exceptions.FieldError: Invalid field name(s) for model Theme: 'accent_color', 'bg_color', 'border_color', 'button_color', 'hover_color', 'primary_color', 'secondary_color', 'text_color'.
2026-07-11 22:46:11,332 [ERROR] Internal Server Error: /product/apple-watch/
Traceback (most recent call last):
  File "C:\Users\C\AppData\Local\Programs\Python\Python314\Lib\site-packages\django\db\models\query.py", line 987, in get_or_create
    return self.get(**kwargs), False
           ~~~~~~~~^^^^^^^^^^
  File "C:\Users\C\AppData\Local\Programs\Python\Python314\Lib\site-packages\django\db\models\query.py", line 639, in get
    raise self.model.DoesNotExist(
        "%s matching query does not exist." % self.model._meta.object_name
    )
themes.models.Theme.DoesNotExist: Theme matching query does not exist.

During handling of the above exception, another exception occurred:

Traceback (most recent call last):
  File "C:\Users\C\AppData\Local\Programs\Python\Python314\Lib\site-packages\django\core\handlers\exception.py", line 55, in inner
    response = get_response(request)
  File "C:\Users\C\AppData\Local\Programs\Python\Python314\Lib\site-packages\django\core\handlers\base.py", line 198, in _get_response
    response = wrapped_callback(request, *callback_args, **callback_kwargs)
  File "C:\my django\my-ecommerce\products\views.py", line 36, in product_detail
    return render(
        request,
    ...<4 lines>...
        }
    )
  File "C:\Users\C\AppData\Local\Programs\Python\Python314\Lib\site-packages\django\shortcuts.py", line 25, in render
    content = loader.render_to_string(template_name, context, request, using=using)
  File "C:\Users\C\AppData\Local\Programs\Python\Python314\Lib\site-packages\django\template\loader.py", line 62, in render_to_string
    return template.render(context, request)
           ~~~~~~~~~~~~~~~^^^^^^^^^^^^^^^^^^
  File "C:\Users\C\AppData\Local\Programs\Python\Python314\Lib\site-packages\django\template\backends\django.py", line 107, in render
    return self.template.render(context)
           ~~~~~~~~~~~~~~~~~~~~^^^^^^^^^
  File "C:\Users\C\AppData\Local\Programs\Python\Python314\Lib\site-packages\django\template\base.py", line 172, in render
    with context.bind_template(self):
         ~~~~~~~~~~~~~~~~~~~~~^^^^^^
  File "C:\Users\C\AppData\Local\Programs\Python\Python314\Lib\contextlib.py", line 141, in __enter__
    return next(self.gen)
  File "C:\Users\C\AppData\Local\Programs\Python\Python314\Lib\site-packages\django\template\context.py", line 263, in bind_template
    context = processor(self.request)
  File "C:\my django\my-ecommerce\themes\context_processors.py", line 14, in layout_processor
    active_theme = get_active_theme(request)
  File "C:\my django\my-ecommerce\themes\services.py", line 619, in get_active_theme
    active_theme = ensure_default_theme()
  File "C:\my django\my-ecommerce\themes\services.py", line 141, in ensure_default_theme
    theme, _ = Theme.objects.get_or_create(
               ~~~~~~~~~~~~~~~~~~~~~~~~~~~^
        slug=payload["slug"],
        ^^^^^^^^^^^^^^^^^^^^^
        defaults=payload,
        ^^^^^^^^^^^^^^^^^
    )
    ^
  File "C:\Users\C\AppData\Local\Programs\Python\Python314\Lib\site-packages\django\db\models\manager.py", line 87, in manager_method
    return getattr(self.get_queryset(), name)(*args, **kwargs)
           ~~~~~~~~~~~~~~~~~~~~~~~~~~~~~~~~~~^^^^^^^^^^^^^^^^^
  File "C:\Users\C\AppData\Local\Programs\Python\Python314\Lib\site-packages\django\db\models\query.py", line 989, in get_or_create
    params = self._extract_model_params(defaults, **kwargs)
  File "C:\Users\C\AppData\Local\Programs\Python\Python314\Lib\site-packages\django\db\models\query.py", line 1087, in _extract_model_params
    raise exceptions.FieldError(
    ...<5 lines>...
    )
django.core.exceptions.FieldError: Invalid field name(s) for model Theme: 'accent_color', 'bg_color', 'border_color', 'button_color', 'hover_color', 'primary_color', 'secondary_color', 'text_color'.
2026-07-11 22:47:49,036 [DEBUG] --- Resolving 'header' ---
2026-07-11 22:47:49,037 [DEBUG] Active Theme Slug: default
2026-07-11 22:47:49,037 [DEBUG] Theme's desired layout ('header_layout'): header1
2026-07-11 22:47:49,037 [DEBUG] Candidate Paths: ['themes/default/header/header1.html', 'themes/default/layouts/header/header1.html']
2026-07-11 22:47:49,037 [DEBUG] Checking candidate: themes/default/header/header1.html
2026-07-11 22:47:49,038 [DEBUG] SUCCESS: Template found at 'themes/default/header/header1.html'
2026-07-11 22:47:49,038 [DEBUG] Final resolved path: themes/default/header/header1.html
2026-07-11 22:47:49,038 [DEBUG] ----------------------------------
2026-07-11 23:10:25,419 [DEBUG] --- Resolving 'header' ---
2026-07-11 23:10:25,420 [DEBUG] Active Theme Slug: default
2026-07-11 23:10:25,420 [DEBUG] Theme's desired layout ('header_layout'): header1
2026-07-11 23:10:25,420 [DEBUG] Candidate Paths: ['themes/default/header/header1.html', 'themes/default/layouts/header/header1.html']
2026-07-11 23:10:25,420 [DEBUG] Checking candidate: themes/default/header/header1.html
2026-07-11 23:10:25,421 [DEBUG] SUCCESS: Template found at 'themes/default/header/header1.html'
2026-07-11 23:10:25,421 [DEBUG] Final resolved path: themes/default/header/header1.html
2026-07-11 23:10:25,421 [DEBUG] ----------------------------------
2026-07-11 23:10:33,335 [DEBUG] --- Resolving 'header' ---
2026-07-11 23:10:33,335 [DEBUG] Active Theme Slug: default
2026-07-11 23:10:33,335 [DEBUG] Theme's desired layout ('header_layout'): header1
2026-07-11 23:10:33,335 [DEBUG] Candidate Paths: ['themes/default/header/header1.html', 'themes/default/layouts/header/header1.html']
2026-07-11 23:10:33,335 [DEBUG] Checking candidate: themes/default/header/header1.html
2026-07-11 23:10:33,337 [DEBUG] SUCCESS: Template found at 'themes/default/header/header1.html'
2026-07-11 23:10:33,337 [DEBUG] Final resolved path: themes/default/header/header1.html
2026-07-11 23:10:33,337 [DEBUG] ----------------------------------
2026-07-11 23:10:33,351 [DEBUG] --- Resolving 'header' ---
2026-07-11 23:10:33,351 [DEBUG] Active Theme Slug: default
2026-07-11 23:10:33,351 [DEBUG] Theme's desired layout ('header_layout'): header1
2026-07-11 23:10:33,351 [DEBUG] Candidate Paths: ['themes/default/header/header1.html', 'themes/default/layouts/header/header1.html']
2026-07-11 23:10:33,351 [DEBUG] Checking candidate: themes/default/header/header1.html
2026-07-11 23:10:33,351 [DEBUG] SUCCESS: Template found at 'themes/default/header/header1.html'
2026-07-11 23:10:33,351 [DEBUG] Final resolved path: themes/default/header/header1.html
2026-07-11 23:10:33,351 [DEBUG] ----------------------------------
2026-07-12 18:44:53,729 [ERROR] Internal Server Error: /brand/1/
Traceback (most recent call last):
  File "C:\my django\my-ecommerce\djangovenv\Lib\site-packages\django\db\models\query.py", line 987, in get_or_create
    return self.get(**kwargs), False
           ~~~~~~~~^^^^^^^^^^
  File "C:\my django\my-ecommerce\djangovenv\Lib\site-packages\django\db\models\query.py", line 639, in get
    raise self.model.DoesNotExist(
        "%s matching query does not exist." % self.model._meta.object_name
    )
themes.models.Theme.DoesNotExist: Theme matching query does not exist.

During handling of the above exception, another exception occurred:

Traceback (most recent call last):
  File "C:\my django\my-ecommerce\djangovenv\Lib\site-packages\django\core\handlers\exception.py", line 55, in inner
    response = get_response(request)
  File "C:\my django\my-ecommerce\djangovenv\Lib\site-packages\django\core\handlers\base.py", line 198, in _get_response
    response = wrapped_callback(request, *callback_args, **callback_kwargs)
  File "C:\my django\my-ecommerce\products\views.py", line 318, in brand_detail
    return render(
        request,
    ...<17 lines>...
        }
    )
  File "C:\my django\my-ecommerce\djangovenv\Lib\site-packages\django\shortcuts.py", line 25, in render
    content = loader.render_to_string(template_name, context, request, using=using)
  File "C:\my django\my-ecommerce\djangovenv\Lib\site-packages\django\template\loader.py", line 62, in render_to_string
    return template.render(context, request)
           ~~~~~~~~~~~~~~~^^^^^^^^^^^^^^^^^^
  File "C:\my django\my-ecommerce\djangovenv\Lib\site-packages\django\template\backends\django.py", line 107, in render
    return self.template.render(context)
           ~~~~~~~~~~~~~~~~~~~~^^^^^^^^^
  File "C:\my django\my-ecommerce\djangovenv\Lib\site-packages\django\template\base.py", line 172, in render
    with context.bind_template(self):
         ~~~~~~~~~~~~~~~~~~~~~^^^^^^
  File "C:\Users\C\AppData\Local\Programs\Python\Python314\Lib\contextlib.py", line 141, in __enter__
    return next(self.gen)
  File "C:\my django\my-ecommerce\djangovenv\Lib\site-packages\django\template\context.py", line 263, in bind_template
    context = processor(self.request)
  File "C:\my django\my-ecommerce\themes\context_processors.py", line 14, in layout_processor
    active_theme = get_active_theme(request)
  File "C:\my django\my-ecommerce\themes\services.py", line 619, in get_active_theme
    active_theme = ensure_default_theme()
  File "C:\my django\my-ecommerce\themes\services.py", line 141, in ensure_default_theme
    theme, _ = Theme.objects.get_or_create(
               ~~~~~~~~~~~~~~~~~~~~~~~~~~~^
        slug=payload["slug"],
        ^^^^^^^^^^^^^^^^^^^^^
        defaults=payload,
        ^^^^^^^^^^^^^^^^^
    )
    ^
  File "C:\my django\my-ecommerce\djangovenv\Lib\site-packages\django\db\models\manager.py", line 87, in manager_method
    return getattr(self.get_queryset(), name)(*args, **kwargs)
           ~~~~~~~~~~~~~~~~~~~~~~~~~~~~~~~~~~^^^^^^^^^^^^^^^^^
  File "C:\my django\my-ecommerce\djangovenv\Lib\site-packages\django\db\models\query.py", line 989, in get_or_create
    params = self._extract_model_params(defaults, **kwargs)
  File "C:\my django\my-ecommerce\djangovenv\Lib\site-packages\django\db\models\query.py", line 1087, in _extract_model_params
    raise exceptions.FieldError(
    ...<5 lines>...
    )
django.core.exceptions.FieldError: Invalid field name(s) for model Theme: 'accent_color', 'bg_color', 'border_color', 'button_color', 'hover_color', 'primary_color', 'secondary_color', 'text_color'.
2026-07-12 18:44:54,378 [ERROR] Internal Server Error: /brand/1/
Traceback (most recent call last):
  File "C:\my django\my-ecommerce\djangovenv\Lib\site-packages\django\db\models\query.py", line 987, in get_or_create
    return self.get(**kwargs), False
           ~~~~~~~~^^^^^^^^^^
  File "C:\my django\my-ecommerce\djangovenv\Lib\site-packages\django\db\models\query.py", line 639, in get
    raise self.model.DoesNotExist(
        "%s matching query does not exist." % self.model._meta.object_name
    )
themes.models.Theme.DoesNotExist: Theme matching query does not exist.

During handling of the above exception, another exception occurred:

Traceback (most recent call last):
  File "C:\my django\my-ecommerce\djangovenv\Lib\site-packages\django\core\handlers\exception.py", line 55, in inner
    response = get_response(request)
  File "C:\my django\my-ecommerce\djangovenv\Lib\site-packages\django\core\handlers\base.py", line 198, in _get_response
    response = wrapped_callback(request, *callback_args, **callback_kwargs)
  File "C:\my django\my-ecommerce\products\views.py", line 318, in brand_detail
    return render(
        request,
    ...<17 lines>...
        }
    )
  File "C:\my django\my-ecommerce\djangovenv\Lib\site-packages\django\shortcuts.py", line 25, in render
    content = loader.render_to_string(template_name, context, request, using=using)
  File "C:\my django\my-ecommerce\djangovenv\Lib\site-packages\django\template\loader.py", line 62, in render_to_string
    return template.render(context, request)
           ~~~~~~~~~~~~~~~^^^^^^^^^^^^^^^^^^
  File "C:\my django\my-ecommerce\djangovenv\Lib\site-packages\django\template\backends\django.py", line 107, in render
    return self.template.render(context)
           ~~~~~~~~~~~~~~~~~~~~^^^^^^^^^
  File "C:\my django\my-ecommerce\djangovenv\Lib\site-packages\django\template\base.py", line 172, in render
    with context.bind_template(self):
         ~~~~~~~~~~~~~~~~~~~~~^^^^^^
  File "C:\Users\C\AppData\Local\Programs\Python\Python314\Lib\contextlib.py", line 141, in __enter__
    return next(self.gen)
  File "C:\my django\my-ecommerce\djangovenv\Lib\site-packages\django\template\context.py", line 263, in bind_template
    context = processor(self.request)
  File "C:\my django\my-ecommerce\themes\context_processors.py", line 14, in layout_processor
    active_theme = get_active_theme(request)
  File "C:\my django\my-ecommerce\themes\services.py", line 619, in get_active_theme
    active_theme = ensure_default_theme()
  File "C:\my django\my-ecommerce\themes\services.py", line 141, in ensure_default_theme
    theme, _ = Theme.objects.get_or_create(
               ~~~~~~~~~~~~~~~~~~~~~~~~~~~^
        slug=payload["slug"],
        ^^^^^^^^^^^^^^^^^^^^^
        defaults=payload,
        ^^^^^^^^^^^^^^^^^
    )
    ^
  File "C:\my django\my-ecommerce\djangovenv\Lib\site-packages\django\db\models\manager.py", line 87, in manager_method
    return getattr(self.get_queryset(), name)(*args, **kwargs)
           ~~~~~~~~~~~~~~~~~~~~~~~~~~~~~~~~~~^^^^^^^^^^^^^^^^^
  File "C:\my django\my-ecommerce\djangovenv\Lib\site-packages\django\db\models\query.py", line 989, in get_or_create
    params = self._extract_model_params(defaults, **kwargs)
  File "C:\my django\my-ecommerce\djangovenv\Lib\site-packages\django\db\models\query.py", line 1087, in _extract_model_params
    raise exceptions.FieldError(
    ...<5 lines>...
    )
django.core.exceptions.FieldError: Invalid field name(s) for model Theme: 'accent_color', 'bg_color', 'border_color', 'button_color', 'hover_color', 'primary_color', 'secondary_color', 'text_color'.
2026-07-12 18:44:54,919 [ERROR] Internal Server Error: /brand/1/
Traceback (most recent call last):
  File "C:\my django\my-ecommerce\djangovenv\Lib\site-packages\django\db\models\query.py", line 987, in get_or_create
    return self.get(**kwargs), False
           ~~~~~~~~^^^^^^^^^^
  File "C:\my django\my-ecommerce\djangovenv\Lib\site-packages\django\db\models\query.py", line 639, in get
    raise self.model.DoesNotExist(
        "%s matching query does not exist." % self.model._meta.object_name
    )
themes.models.Theme.DoesNotExist: Theme matching query does not exist.

During handling of the above exception, another exception occurred:

Traceback (most recent call last):
  File "C:\my django\my-ecommerce\djangovenv\Lib\site-packages\django\core\handlers\exception.py", line 55, in inner
    response = get_response(request)
  File "C:\my django\my-ecommerce\djangovenv\Lib\site-packages\django\core\handlers\base.py", line 198, in _get_response
    response = wrapped_callback(request, *callback_args, **callback_kwargs)
  File "C:\my django\my-ecommerce\products\views.py", line 318, in brand_detail
    return render(
        request,
    ...<17 lines>...
        }
    )
  File "C:\my django\my-ecommerce\djangovenv\Lib\site-packages\django\shortcuts.py", line 25, in render
    content = loader.render_to_string(template_name, context, request, using=using)
  File "C:\my django\my-ecommerce\djangovenv\Lib\site-packages\django\template\loader.py", line 62, in render_to_string
    return template.render(context, request)
           ~~~~~~~~~~~~~~~^^^^^^^^^^^^^^^^^^
  File "C:\my django\my-ecommerce\djangovenv\Lib\site-packages\django\template\backends\django.py", line 107, in render
    return self.template.render(context)
           ~~~~~~~~~~~~~~~~~~~~^^^^^^^^^
  File "C:\my django\my-ecommerce\djangovenv\Lib\site-packages\django\template\base.py", line 172, in render
    with context.bind_template(self):
         ~~~~~~~~~~~~~~~~~~~~~^^^^^^
  File "C:\Users\C\AppData\Local\Programs\Python\Python314\Lib\contextlib.py", line 141, in __enter__
    return next(self.gen)
  File "C:\my django\my-ecommerce\djangovenv\Lib\site-packages\django\template\context.py", line 263, in bind_template
    context = processor(self.request)
  File "C:\my django\my-ecommerce\themes\context_processors.py", line 14, in layout_processor
    active_theme = get_active_theme(request)
  File "C:\my django\my-ecommerce\themes\services.py", line 619, in get_active_theme
    active_theme = ensure_default_theme()
  File "C:\my django\my-ecommerce\themes\services.py", line 141, in ensure_default_theme
    theme, _ = Theme.objects.get_or_create(
               ~~~~~~~~~~~~~~~~~~~~~~~~~~~^
        slug=payload["slug"],
        ^^^^^^^^^^^^^^^^^^^^^
        defaults=payload,
        ^^^^^^^^^^^^^^^^^
    )
    ^
  File "C:\my django\my-ecommerce\djangovenv\Lib\site-packages\django\db\models\manager.py", line 87, in manager_method
    return getattr(self.get_queryset(), name)(*args, **kwargs)
           ~~~~~~~~~~~~~~~~~~~~~~~~~~~~~~~~~~^^^^^^^^^^^^^^^^^
  File "C:\my django\my-ecommerce\djangovenv\Lib\site-packages\django\db\models\query.py", line 989, in get_or_create
    params = self._extract_model_params(defaults, **kwargs)
  File "C:\my django\my-ecommerce\djangovenv\Lib\site-packages\django\db\models\query.py", line 1087, in _extract_model_params
    raise exceptions.FieldError(
    ...<5 lines>...
    )
django.core.exceptions.FieldError: Invalid field name(s) for model Theme: 'accent_color', 'bg_color', 'border_color', 'button_color', 'hover_color', 'primary_color', 'secondary_color', 'text_color'.
2026-07-12 18:44:55,487 [ERROR] Internal Server Error: /admin/products/brandherobanner/add/
Traceback (most recent call last):
  File "C:\my django\my-ecommerce\djangovenv\Lib\site-packages\django\db\models\query.py", line 987, in get_or_create
    return self.get(**kwargs), False
           ~~~~~~~~^^^^^^^^^^
  File "C:\my django\my-ecommerce\djangovenv\Lib\site-packages\django\db\models\query.py", line 639, in get
    raise self.model.DoesNotExist(
        "%s matching query does not exist." % self.model._meta.object_name
    )
themes.models.Theme.DoesNotExist: Theme matching query does not exist.

During handling of the above exception, another exception occurred:

Traceback (most recent call last):
  File "C:\my django\my-ecommerce\djangovenv\Lib\site-packages\django\core\handlers\exception.py", line 55, in inner
    response = get_response(request)
  File "C:\my django\my-ecommerce\djangovenv\Lib\site-packages\django\core\handlers\base.py", line 221, in _get_response
    response = response.render()
  File "C:\my django\my-ecommerce\djangovenv\Lib\site-packages\django\template\response.py", line 114, in render
    self.content = self.rendered_content
                   ^^^^^^^^^^^^^^^^^^^^^
  File "C:\my django\my-ecommerce\djangovenv\Lib\site-packages\django\template\response.py", line 92, in rendered_content
    return template.render(context, self._request)
           ~~~~~~~~~~~~~~~^^^^^^^^^^^^^^^^^^^^^^^^
  File "C:\my django\my-ecommerce\djangovenv\Lib\site-packages\django\template\backends\django.py", line 107, in render
    return self.template.render(context)
           ~~~~~~~~~~~~~~~~~~~~^^^^^^^^^
  File "C:\my django\my-ecommerce\djangovenv\Lib\site-packages\django\template\base.py", line 172, in render
    with context.bind_template(self):
         ~~~~~~~~~~~~~~~~~~~~~^^^^^^
  File "C:\Users\C\AppData\Local\Programs\Python\Python314\Lib\contextlib.py", line 141, in __enter__
    return next(self.gen)
  File "C:\my django\my-ecommerce\djangovenv\Lib\site-packages\django\template\context.py", line 263, in bind_template
    context = processor(self.request)
  File "C:\my django\my-ecommerce\themes\context_processors.py", line 14, in layout_processor
    active_theme = get_active_theme(request)
  File "C:\my django\my-ecommerce\themes\services.py", line 619, in get_active_theme
    active_theme = ensure_default_theme()
  File "C:\my django\my-ecommerce\themes\services.py", line 141, in ensure_default_theme
    theme, _ = Theme.objects.get_or_create(
               ~~~~~~~~~~~~~~~~~~~~~~~~~~~^
        slug=payload["slug"],
        ^^^^^^^^^^^^^^^^^^^^^
        defaults=payload,
        ^^^^^^^^^^^^^^^^^
    )
    ^
  File "C:\my django\my-ecommerce\djangovenv\Lib\site-packages\django\db\models\manager.py", line 87, in manager_method
    return getattr(self.get_queryset(), name)(*args, **kwargs)
           ~~~~~~~~~~~~~~~~~~~~~~~~~~~~~~~~~~^^^^^^^^^^^^^^^^^
  File "C:\my django\my-ecommerce\djangovenv\Lib\site-packages\django\db\models\query.py", line 989, in get_or_create
    params = self._extract_model_params(defaults, **kwargs)
  File "C:\my django\my-ecommerce\djangovenv\Lib\site-packages\django\db\models\query.py", line 1087, in _extract_model_params
    raise exceptions.FieldError(
    ...<5 lines>...
    )
django.core.exceptions.FieldError: Invalid field name(s) for model Theme: 'accent_color', 'bg_color', 'border_color', 'button_color', 'hover_color', 'primary_color', 'secondary_color', 'text_color'.
2026-07-12 18:44:58,848 [ERROR] Internal Server Error: /admin/products/product/1/change/
Traceback (most recent call last):
  File "C:\my django\my-ecommerce\djangovenv\Lib\site-packages\django\db\models\query.py", line 987, in get_or_create
    return self.get(**kwargs), False
           ~~~~~~~~^^^^^^^^^^
  File "C:\my django\my-ecommerce\djangovenv\Lib\site-packages\django\db\models\query.py", line 639, in get
    raise self.model.DoesNotExist(
        "%s matching query does not exist." % self.model._meta.object_name
    )
themes.models.Theme.DoesNotExist: Theme matching query does not exist.

During handling of the above exception, another exception occurred:

Traceback (most recent call last):
  File "C:\my django\my-ecommerce\djangovenv\Lib\site-packages\django\core\handlers\exception.py", line 55, in inner
    response = get_response(request)
  File "C:\my django\my-ecommerce\djangovenv\Lib\site-packages\django\core\handlers\base.py", line 221, in _get_response
    response = response.render()
  File "C:\my django\my-ecommerce\djangovenv\Lib\site-packages\django\template\response.py", line 114, in render
    self.content = self.rendered_content
                   ^^^^^^^^^^^^^^^^^^^^^
  File "C:\my django\my-ecommerce\djangovenv\Lib\site-packages\django\template\response.py", line 92, in rendered_content
    return template.render(context, self._request)
           ~~~~~~~~~~~~~~~^^^^^^^^^^^^^^^^^^^^^^^^
  File "C:\my django\my-ecommerce\djangovenv\Lib\site-packages\django\template\backends\django.py", line 107, in render
    return self.template.render(context)
           ~~~~~~~~~~~~~~~~~~~~^^^^^^^^^
  File "C:\my django\my-ecommerce\djangovenv\Lib\site-packages\django\template\base.py", line 172, in render
    with context.bind_template(self):
         ~~~~~~~~~~~~~~~~~~~~~^^^^^^
  File "C:\Users\C\AppData\Local\Programs\Python\Python314\Lib\contextlib.py", line 141, in __enter__
    return next(self.gen)
  File "C:\my django\my-ecommerce\djangovenv\Lib\site-packages\django\template\context.py", line 263, in bind_template
    context = processor(self.request)
  File "C:\my django\my-ecommerce\themes\context_processors.py", line 14, in layout_processor
    active_theme = get_active_theme(request)
  File "C:\my django\my-ecommerce\themes\services.py", line 619, in get_active_theme
    active_theme = ensure_default_theme()
  File "C:\my django\my-ecommerce\themes\services.py", line 141, in ensure_default_theme
    theme, _ = Theme.objects.get_or_create(
               ~~~~~~~~~~~~~~~~~~~~~~~~~~~^
        slug=payload["slug"],
        ^^^^^^^^^^^^^^^^^^^^^
        defaults=payload,
        ^^^^^^^^^^^^^^^^^
    )
    ^
  File "C:\my django\my-ecommerce\djangovenv\Lib\site-packages\django\db\models\manager.py", line 87, in manager_method
    return getattr(self.get_queryset(), name)(*args, **kwargs)
           ~~~~~~~~~~~~~~~~~~~~~~~~~~~~~~~~~~^^^^^^^^^^^^^^^^^
  File "C:\my django\my-ecommerce\djangovenv\Lib\site-packages\django\db\models\query.py", line 989, in get_or_create
    params = self._extract_model_params(defaults, **kwargs)
  File "C:\my django\my-ecommerce\djangovenv\Lib\site-packages\django\db\models\query.py", line 1087, in _extract_model_params
    raise exceptions.FieldError(
    ...<5 lines>...
    )
django.core.exceptions.FieldError: Invalid field name(s) for model Theme: 'accent_color', 'bg_color', 'border_color', 'button_color', 'hover_color', 'primary_color', 'secondary_color', 'text_color'.
2026-07-12 18:45:01,113 [ERROR] Internal Server Error: /product/apple-watch/
Traceback (most recent call last):
  File "C:\my django\my-ecommerce\djangovenv\Lib\site-packages\django\db\models\query.py", line 987, in get_or_create
    return self.get(**kwargs), False
           ~~~~~~~~^^^^^^^^^^
  File "C:\my django\my-ecommerce\djangovenv\Lib\site-packages\django\db\models\query.py", line 639, in get
    raise self.model.DoesNotExist(
        "%s matching query does not exist." % self.model._meta.object_name
    )
themes.models.Theme.DoesNotExist: Theme matching query does not exist.

During handling of the above exception, another exception occurred:

Traceback (most recent call last):
  File "C:\my django\my-ecommerce\djangovenv\Lib\site-packages\django\core\handlers\exception.py", line 55, in inner
    response = get_response(request)
  File "C:\my django\my-ecommerce\djangovenv\Lib\site-packages\django\core\handlers\base.py", line 198, in _get_response
    response = wrapped_callback(request, *callback_args, **callback_kwargs)
  File "C:\my django\my-ecommerce\products\views.py", line 37, in product_detail
    return render(
        request,
    ...<4 lines>...
        }
    )
  File "C:\my django\my-ecommerce\djangovenv\Lib\site-packages\django\shortcuts.py", line 25, in render
    content = loader.render_to_string(template_name, context, request, using=using)
  File "C:\my django\my-ecommerce\djangovenv\Lib\site-packages\django\template\loader.py", line 62, in render_to_string
    return template.render(context, request)
           ~~~~~~~~~~~~~~~^^^^^^^^^^^^^^^^^^
  File "C:\my django\my-ecommerce\djangovenv\Lib\site-packages\django\template\backends\django.py", line 107, in render
    return self.template.render(context)
           ~~~~~~~~~~~~~~~~~~~~^^^^^^^^^
  File "C:\my django\my-ecommerce\djangovenv\Lib\site-packages\django\template\base.py", line 172, in render
    with context.bind_template(self):
         ~~~~~~~~~~~~~~~~~~~~~^^^^^^
  File "C:\Users\C\AppData\Local\Programs\Python\Python314\Lib\contextlib.py", line 141, in __enter__
    return next(self.gen)
  File "C:\my django\my-ecommerce\djangovenv\Lib\site-packages\django\template\context.py", line 263, in bind_template
    context = processor(self.request)
  File "C:\my django\my-ecommerce\themes\context_processors.py", line 14, in layout_processor
    active_theme = get_active_theme(request)
  File "C:\my django\my-ecommerce\themes\services.py", line 619, in get_active_theme
    active_theme = ensure_default_theme()
  File "C:\my django\my-ecommerce\themes\services.py", line 141, in ensure_default_theme
    theme, _ = Theme.objects.get_or_create(
               ~~~~~~~~~~~~~~~~~~~~~~~~~~~^
        slug=payload["slug"],
        ^^^^^^^^^^^^^^^^^^^^^
        defaults=payload,
        ^^^^^^^^^^^^^^^^^
    )
    ^
  File "C:\my django\my-ecommerce\djangovenv\Lib\site-packages\django\db\models\manager.py", line 87, in manager_method
    return getattr(self.get_queryset(), name)(*args, **kwargs)
           ~~~~~~~~~~~~~~~~~~~~~~~~~~~~~~~~~~^^^^^^^^^^^^^^^^^
  File "C:\my django\my-ecommerce\djangovenv\Lib\site-packages\django\db\models\query.py", line 989, in get_or_create
    params = self._extract_model_params(defaults, **kwargs)
  File "C:\my django\my-ecommerce\djangovenv\Lib\site-packages\django\db\models\query.py", line 1087, in _extract_model_params
    raise exceptions.FieldError(
    ...<5 lines>...
    )
django.core.exceptions.FieldError: Invalid field name(s) for model Theme: 'accent_color', 'bg_color', 'border_color', 'button_color', 'hover_color', 'primary_color', 'secondary_color', 'text_color'.
2026-07-12 18:58:26,535 [ERROR] Internal Server Error: /login/
Traceback (most recent call last):
  File "C:\my django\my-ecommerce\djangovenv\Lib\site-packages\django\db\models\query.py", line 987, in get_or_create
    return self.get(**kwargs), False
           ~~~~~~~~^^^^^^^^^^
  File "C:\my django\my-ecommerce\djangovenv\Lib\site-packages\django\db\models\query.py", line 639, in get
    raise self.model.DoesNotExist(
        "%s matching query does not exist." % self.model._meta.object_name
    )
themes.models.Theme.DoesNotExist: Theme matching query does not exist.

During handling of the above exception, another exception occurred:

Traceback (most recent call last):
  File "C:\my django\my-ecommerce\djangovenv\Lib\site-packages\django\core\handlers\exception.py", line 55, in inner
    response = get_response(request)
  File "C:\my django\my-ecommerce\djangovenv\Lib\site-packages\django\core\handlers\base.py", line 221, in _get_response
    response = response.render()
  File "C:\my django\my-ecommerce\djangovenv\Lib\site-packages\django\template\response.py", line 114, in render
    self.content = self.rendered_content
                   ^^^^^^^^^^^^^^^^^^^^^
  File "C:\my django\my-ecommerce\djangovenv\Lib\site-packages\django\template\response.py", line 92, in rendered_content
    return template.render(context, self._request)
           ~~~~~~~~~~~~~~~^^^^^^^^^^^^^^^^^^^^^^^^
  File "C:\my django\my-ecommerce\djangovenv\Lib\site-packages\django\template\backends\django.py", line 107, in render
    return self.template.render(context)
           ~~~~~~~~~~~~~~~~~~~~^^^^^^^^^
  File "C:\my django\my-ecommerce\djangovenv\Lib\site-packages\django\template\base.py", line 172, in render
    with context.bind_template(self):
         ~~~~~~~~~~~~~~~~~~~~~^^^^^^
  File "C:\Users\C\AppData\Local\Programs\Python\Python314\Lib\contextlib.py", line 141, in __enter__
    return next(self.gen)
  File "C:\my django\my-ecommerce\djangovenv\Lib\site-packages\django\template\context.py", line 263, in bind_template
    context = processor(self.request)
  File "C:\my django\my-ecommerce\themes\context_processors.py", line 14, in layout_processor
    active_theme = get_active_theme(request)
  File "C:\my django\my-ecommerce\themes\services.py", line 619, in get_active_theme
    active_theme = ensure_default_theme()
  File "C:\my django\my-ecommerce\themes\services.py", line 141, in ensure_default_theme
    theme, _ = Theme.objects.get_or_create(
               ~~~~~~~~~~~~~~~~~~~~~~~~~~~^
        slug=payload["slug"],
        ^^^^^^^^^^^^^^^^^^^^^
        defaults=payload,
        ^^^^^^^^^^^^^^^^^
    )
    ^
  File "C:\my django\my-ecommerce\djangovenv\Lib\site-packages\django\db\models\manager.py", line 87, in manager_method
    return getattr(self.get_queryset(), name)(*args, **kwargs)
           ~~~~~~~~~~~~~~~~~~~~~~~~~~~~~~~~~~^^^^^^^^^^^^^^^^^
  File "C:\my django\my-ecommerce\djangovenv\Lib\site-packages\django\db\models\query.py", line 989, in get_or_create
    params = self._extract_model_params(defaults, **kwargs)
  File "C:\my django\my-ecommerce\djangovenv\Lib\site-packages\django\db\models\query.py", line 1087, in _extract_model_params
    raise exceptions.FieldError(
    ...<5 lines>...
    )
django.core.exceptions.FieldError: Invalid field name(s) for model Theme: 'accent_color', 'bg_color', 'border_color', 'button_color', 'hover_color', 'primary_color', 'secondary_color', 'text_color'.
2026-07-12 18:58:27,049 [ERROR] Internal Server Error: /login/
Traceback (most recent call last):
  File "C:\my django\my-ecommerce\djangovenv\Lib\site-packages\django\db\models\query.py", line 987, in get_or_create
    return self.get(**kwargs), False
           ~~~~~~~~^^^^^^^^^^
  File "C:\my django\my-ecommerce\djangovenv\Lib\site-packages\django\db\models\query.py", line 639, in get
    raise self.model.DoesNotExist(
        "%s matching query does not exist." % self.model._meta.object_name
    )
themes.models.Theme.DoesNotExist: Theme matching query does not exist.

During handling of the above exception, another exception occurred:

Traceback (most recent call last):
  File "C:\my django\my-ecommerce\djangovenv\Lib\site-packages\django\core\handlers\exception.py", line 55, in inner
    response = get_response(request)
  File "C:\my django\my-ecommerce\djangovenv\Lib\site-packages\django\core\handlers\base.py", line 221, in _get_response
    response = response.render()
  File "C:\my django\my-ecommerce\djangovenv\Lib\site-packages\django\template\response.py", line 114, in render
    self.content = self.rendered_content
                   ^^^^^^^^^^^^^^^^^^^^^
  File "C:\my django\my-ecommerce\djangovenv\Lib\site-packages\django\template\response.py", line 92, in rendered_content
    return template.render(context, self._request)
           ~~~~~~~~~~~~~~~^^^^^^^^^^^^^^^^^^^^^^^^
  File "C:\my django\my-ecommerce\djangovenv\Lib\site-packages\django\template\backends\django.py", line 107, in render
    return self.template.render(context)
           ~~~~~~~~~~~~~~~~~~~~^^^^^^^^^
  File "C:\my django\my-ecommerce\djangovenv\Lib\site-packages\django\template\base.py", line 172, in render
    with context.bind_template(self):
         ~~~~~~~~~~~~~~~~~~~~~^^^^^^
  File "C:\Users\C\AppData\Local\Programs\Python\Python314\Lib\contextlib.py", line 141, in __enter__
    return next(self.gen)
  File "C:\my django\my-ecommerce\djangovenv\Lib\site-packages\django\template\context.py", line 263, in bind_template
    context = processor(self.request)
  File "C:\my django\my-ecommerce\themes\context_processors.py", line 14, in layout_processor
    active_theme = get_active_theme(request)
  File "C:\my django\my-ecommerce\themes\services.py", line 619, in get_active_theme
    active_theme = ensure_default_theme()
  File "C:\my django\my-ecommerce\themes\services.py", line 141, in ensure_default_theme
    theme, _ = Theme.objects.get_or_create(
               ~~~~~~~~~~~~~~~~~~~~~~~~~~~^
        slug=payload["slug"],
        ^^^^^^^^^^^^^^^^^^^^^
        defaults=payload,
        ^^^^^^^^^^^^^^^^^
    )
    ^
  File "C:\my django\my-ecommerce\djangovenv\Lib\site-packages\django\db\models\manager.py", line 87, in manager_method
    return getattr(self.get_queryset(), name)(*args, **kwargs)
           ~~~~~~~~~~~~~~~~~~~~~~~~~~~~~~~~~~^^^^^^^^^^^^^^^^^
  File "C:\my django\my-ecommerce\djangovenv\Lib\site-packages\django\db\models\query.py", line 989, in get_or_create
    params = self._extract_model_params(defaults, **kwargs)
  File "C:\my django\my-ecommerce\djangovenv\Lib\site-packages\django\db\models\query.py", line 1087, in _extract_model_params
    raise exceptions.FieldError(
    ...<5 lines>...
    )
django.core.exceptions.FieldError: Invalid field name(s) for model Theme: 'accent_color', 'bg_color', 'border_color', 'button_color', 'hover_color', 'primary_color', 'secondary_color', 'text_color'.
2026-07-12 18:58:27,573 [ERROR] Internal Server Error: /home/
Traceback (most recent call last):
  File "C:\my django\my-ecommerce\djangovenv\Lib\site-packages\django\db\models\query.py", line 987, in get_or_create
    return self.get(**kwargs), False
           ~~~~~~~~^^^^^^^^^^
  File "C:\my django\my-ecommerce\djangovenv\Lib\site-packages\django\db\models\query.py", line 639, in get
    raise self.model.DoesNotExist(
        "%s matching query does not exist." % self.model._meta.object_name
    )
themes.models.Theme.DoesNotExist: Theme matching query does not exist.

During handling of the above exception, another exception occurred:

Traceback (most recent call last):
  File "C:\my django\my-ecommerce\djangovenv\Lib\site-packages\django\core\handlers\exception.py", line 55, in inner
    response = get_response(request)
  File "C:\my django\my-ecommerce\djangovenv\Lib\site-packages\django\core\handlers\base.py", line 198, in _get_response
    response = wrapped_callback(request, *callback_args, **callback_kwargs)
  File "C:\my django\my-ecommerce\core\views.py", line 202, in home
    return render(request, "core/home.html", context)
  File "C:\my django\my-ecommerce\djangovenv\Lib\site-packages\django\shortcuts.py", line 25, in render
    content = loader.render_to_string(template_name, context, request, using=using)
  File "C:\my django\my-ecommerce\djangovenv\Lib\site-packages\django\template\loader.py", line 62, in render_to_string
    return template.render(context, request)
           ~~~~~~~~~~~~~~~^^^^^^^^^^^^^^^^^^
  File "C:\my django\my-ecommerce\djangovenv\Lib\site-packages\django\template\backends\django.py", line 107, in render
    return self.template.render(context)
           ~~~~~~~~~~~~~~~~~~~~^^^^^^^^^
  File "C:\my django\my-ecommerce\djangovenv\Lib\site-packages\django\template\base.py", line 172, in render
    with context.bind_template(self):
         ~~~~~~~~~~~~~~~~~~~~~^^^^^^
  File "C:\Users\C\AppData\Local\Programs\Python\Python314\Lib\contextlib.py", line 141, in __enter__
    return next(self.gen)
  File "C:\my django\my-ecommerce\djangovenv\Lib\site-packages\django\template\context.py", line 263, in bind_template
    context = processor(self.request)
  File "C:\my django\my-ecommerce\themes\context_processors.py", line 14, in layout_processor
    active_theme = get_active_theme(request)
  File "C:\my django\my-ecommerce\themes\services.py", line 619, in get_active_theme
    active_theme = ensure_default_theme()
  File "C:\my django\my-ecommerce\themes\services.py", line 141, in ensure_default_theme
    theme, _ = Theme.objects.get_or_create(
               ~~~~~~~~~~~~~~~~~~~~~~~~~~~^
        slug=payload["slug"],
        ^^^^^^^^^^^^^^^^^^^^^
        defaults=payload,
        ^^^^^^^^^^^^^^^^^
    )
    ^
  File "C:\my django\my-ecommerce\djangovenv\Lib\site-packages\django\db\models\manager.py", line 87, in manager_method
    return getattr(self.get_queryset(), name)(*args, **kwargs)
           ~~~~~~~~~~~~~~~~~~~~~~~~~~~~~~~~~~^^^^^^^^^^^^^^^^^
  File "C:\my django\my-ecommerce\djangovenv\Lib\site-packages\django\db\models\query.py", line 989, in get_or_create
    params = self._extract_model_params(defaults, **kwargs)
  File "C:\my django\my-ecommerce\djangovenv\Lib\site-packages\django\db\models\query.py", line 1087, in _extract_model_params
    raise exceptions.FieldError(
    ...<5 lines>...
    )
django.core.exceptions.FieldError: Invalid field name(s) for model Theme: 'accent_color', 'bg_color', 'border_color', 'button_color', 'hover_color', 'primary_color', 'secondary_color', 'text_color'.
2026-07-12 18:58:28,579 [ERROR] Internal Server Error: /cart/
Traceback (most recent call last):
  File "C:\my django\my-ecommerce\djangovenv\Lib\site-packages\django\db\models\query.py", line 987, in get_or_create
    return self.get(**kwargs), False
           ~~~~~~~~^^^^^^^^^^
  File "C:\my django\my-ecommerce\djangovenv\Lib\site-packages\django\db\models\query.py", line 639, in get
    raise self.model.DoesNotExist(
        "%s matching query does not exist." % self.model._meta.object_name
    )
themes.models.Theme.DoesNotExist: Theme matching query does not exist.

During handling of the above exception, another exception occurred:

Traceback (most recent call last):
  File "C:\my django\my-ecommerce\djangovenv\Lib\site-packages\django\core\handlers\exception.py", line 55, in inner
    response = get_response(request)
  File "C:\my django\my-ecommerce\djangovenv\Lib\site-packages\django\core\handlers\base.py", line 198, in _get_response
    response = wrapped_callback(request, *callback_args, **callback_kwargs)
  File "C:\my django\my-ecommerce\djangovenv\Lib\site-packages\django\contrib\auth\decorators.py", line 59, in _view_wrapper
    return view_func(request, *args, **kwargs)
  File "C:\my django\my-ecommerce\cart\views.py", line 60, in cart_detail
    return render(
        request,
    ...<7 lines>...
        },
    )
  File "C:\my django\my-ecommerce\djangovenv\Lib\site-packages\django\shortcuts.py", line 25, in render
    content = loader.render_to_string(template_name, context, request, using=using)
  File "C:\my django\my-ecommerce\djangovenv\Lib\site-packages\django\template\loader.py", line 62, in render_to_string
    return template.render(context, request)
           ~~~~~~~~~~~~~~~^^^^^^^^^^^^^^^^^^
  File "C:\my django\my-ecommerce\djangovenv\Lib\site-packages\django\template\backends\django.py", line 107, in render
    return self.template.render(context)
           ~~~~~~~~~~~~~~~~~~~~^^^^^^^^^
  File "C:\my django\my-ecommerce\djangovenv\Lib\site-packages\django\template\base.py", line 172, in render
    with context.bind_template(self):
         ~~~~~~~~~~~~~~~~~~~~~^^^^^^
  File "C:\Users\C\AppData\Local\Programs\Python\Python314\Lib\contextlib.py", line 141, in __enter__
    return next(self.gen)
  File "C:\my django\my-ecommerce\djangovenv\Lib\site-packages\django\template\context.py", line 263, in bind_template
    context = processor(self.request)
  File "C:\my django\my-ecommerce\themes\context_processors.py", line 14, in layout_processor
    active_theme = get_active_theme(request)
  File "C:\my django\my-ecommerce\themes\services.py", line 619, in get_active_theme
    active_theme = ensure_default_theme()
  File "C:\my django\my-ecommerce\themes\services.py", line 141, in ensure_default_theme
    theme, _ = Theme.objects.get_or_create(
               ~~~~~~~~~~~~~~~~~~~~~~~~~~~^
        slug=payload["slug"],
        ^^^^^^^^^^^^^^^^^^^^^
        defaults=payload,
        ^^^^^^^^^^^^^^^^^
    )
    ^
  File "C:\my django\my-ecommerce\djangovenv\Lib\site-packages\django\db\models\manager.py", line 87, in manager_method
    return getattr(self.get_queryset(), name)(*args, **kwargs)
           ~~~~~~~~~~~~~~~~~~~~~~~~~~~~~~~~~~^^^^^^^^^^^^^^^^^
  File "C:\my django\my-ecommerce\djangovenv\Lib\site-packages\django\db\models\query.py", line 989, in get_or_create
    params = self._extract_model_params(defaults, **kwargs)
  File "C:\my django\my-ecommerce\djangovenv\Lib\site-packages\django\db\models\query.py", line 1087, in _extract_model_params
    raise exceptions.FieldError(
    ...<5 lines>...
    )
django.core.exceptions.FieldError: Invalid field name(s) for model Theme: 'accent_color', 'bg_color', 'border_color', 'button_color', 'hover_color', 'primary_color', 'secondary_color', 'text_color'.
2026-07-13 18:41:07,440 [ERROR] Internal Server Error: /admin/
Traceback (most recent call last):
  File "C:\Users\C\AppData\Local\Programs\Python\Python314\Lib\site-packages\django\db\models\query.py", line 987, in get_or_create
    return self.get(**kwargs), False
           ~~~~~~~~^^^^^^^^^^
  File "C:\Users\C\AppData\Local\Programs\Python\Python314\Lib\site-packages\django\db\models\query.py", line 639, in get
    raise self.model.DoesNotExist(
        "%s matching query does not exist." % self.model._meta.object_name
    )
themes.models.Theme.DoesNotExist: Theme matching query does not exist.

During handling of the above exception, another exception occurred:

Traceback (most recent call last):
  File "C:\Users\C\AppData\Local\Programs\Python\Python314\Lib\site-packages\django\core\handlers\exception.py", line 55, in inner
    response = get_response(request)
  File "C:\Users\C\AppData\Local\Programs\Python\Python314\Lib\site-packages\django\core\handlers\base.py", line 221, in _get_response
    response = response.render()
  File "C:\Users\C\AppData\Local\Programs\Python\Python314\Lib\site-packages\django\template\response.py", line 114, in render
    self.content = self.rendered_content
                   ^^^^^^^^^^^^^^^^^^^^^
  File "C:\Users\C\AppData\Local\Programs\Python\Python314\Lib\site-packages\django\template\response.py", line 92, in rendered_content
    return template.render(context, self._request)
           ~~~~~~~~~~~~~~~^^^^^^^^^^^^^^^^^^^^^^^^
  File "C:\Users\C\AppData\Local\Programs\Python\Python314\Lib\site-packages\django\template\backends\django.py", line 107, in render
    return self.template.render(context)
           ~~~~~~~~~~~~~~~~~~~~^^^^^^^^^
  File "C:\Users\C\AppData\Local\Programs\Python\Python314\Lib\site-packages\django\template\base.py", line 172, in render
    with context.bind_template(self):
         ~~~~~~~~~~~~~~~~~~~~~^^^^^^
  File "C:\Users\C\AppData\Local\Programs\Python\Python314\Lib\contextlib.py", line 141, in __enter__
    return next(self.gen)
  File "C:\Users\C\AppData\Local\Programs\Python\Python314\Lib\site-packages\django\template\context.py", line 263, in bind_template
    context = processor(self.request)
  File "C:\my django\my-ecommerce\themes\context_processors.py", line 14, in layout_processor
    active_theme = get_active_theme(request)
  File "C:\my django\my-ecommerce\themes\services.py", line 619, in get_active_theme
    active_theme = ensure_default_theme()
  File "C:\my django\my-ecommerce\themes\services.py", line 141, in ensure_default_theme
    theme, _ = Theme.objects.get_or_create(
               ~~~~~~~~~~~~~~~~~~~~~~~~~~~^
        slug=payload["slug"],
        ^^^^^^^^^^^^^^^^^^^^^
        defaults=payload,
        ^^^^^^^^^^^^^^^^^
    )
    ^
  File "C:\Users\C\AppData\Local\Programs\Python\Python314\Lib\site-packages\django\db\models\manager.py", line 87, in manager_method
    return getattr(self.get_queryset(), name)(*args, **kwargs)
           ~~~~~~~~~~~~~~~~~~~~~~~~~~~~~~~~~~^^^^^^^^^^^^^^^^^
  File "C:\Users\C\AppData\Local\Programs\Python\Python314\Lib\site-packages\django\db\models\query.py", line 989, in get_or_create
    params = self._extract_model_params(defaults, **kwargs)
  File "C:\Users\C\AppData\Local\Programs\Python\Python314\Lib\site-packages\django\db\models\query.py", line 1087, in _extract_model_params
    raise exceptions.FieldError(
    ...<5 lines>...
    )
django.core.exceptions.FieldError: Invalid field name(s) for model Theme: 'accent_color', 'bg_color', 'border_color', 'button_color', 'hover_color', 'primary_color', 'secondary_color', 'text_color'.
2026-07-13 18:41:22,644 [ERROR] Internal Server Error: /admin/
Traceback (most recent call last):
  File "C:\Users\C\AppData\Local\Programs\Python\Python314\Lib\site-packages\django\db\models\query.py", line 987, in get_or_create
    return self.get(**kwargs), False
           ~~~~~~~~^^^^^^^^^^
  File "C:\Users\C\AppData\Local\Programs\Python\Python314\Lib\site-packages\django\db\models\query.py", line 639, in get
    raise self.model.DoesNotExist(
        "%s matching query does not exist." % self.model._meta.object_name
    )
themes.models.Theme.DoesNotExist: Theme matching query does not exist.

During handling of the above exception, another exception occurred:

Traceback (most recent call last):
  File "C:\Users\C\AppData\Local\Programs\Python\Python314\Lib\site-packages\django\core\handlers\exception.py", line 55, in inner
    response = get_response(request)
  File "C:\Users\C\AppData\Local\Programs\Python\Python314\Lib\site-packages\django\core\handlers\base.py", line 221, in _get_response
    response = response.render()
  File "C:\Users\C\AppData\Local\Programs\Python\Python314\Lib\site-packages\django\template\response.py", line 114, in render
    self.content = self.rendered_content
                   ^^^^^^^^^^^^^^^^^^^^^
  File "C:\Users\C\AppData\Local\Programs\Python\Python314\Lib\site-packages\django\template\response.py", line 92, in rendered_content
    return template.render(context, self._request)
           ~~~~~~~~~~~~~~~^^^^^^^^^^^^^^^^^^^^^^^^
  File "C:\Users\C\AppData\Local\Programs\Python\Python314\Lib\site-packages\django\template\backends\django.py", line 107, in render
    return self.template.render(context)
           ~~~~~~~~~~~~~~~~~~~~^^^^^^^^^
  File "C:\Users\C\AppData\Local\Programs\Python\Python314\Lib\site-packages\django\template\base.py", line 172, in render
    with context.bind_template(self):
         ~~~~~~~~~~~~~~~~~~~~~^^^^^^
  File "C:\Users\C\AppData\Local\Programs\Python\Python314\Lib\contextlib.py", line 141, in __enter__
    return next(self.gen)
  File "C:\Users\C\AppData\Local\Programs\Python\Python314\Lib\site-packages\django\template\context.py", line 263, in bind_template
    context = processor(self.request)
  File "C:\my django\my-ecommerce\themes\context_processors.py", line 20, in layout_processor
    default_theme = ensure_default_theme()
  File "C:\my django\my-ecommerce\themes\services.py", line 141, in ensure_default_theme
    theme, _ = Theme.objects.get_or_create(
               ~~~~~~~~~~~~~~~~~~~~~~~~~~~^
        slug=payload["slug"],
        ^^^^^^^^^^^^^^^^^^^^^
        defaults=payload,
        ^^^^^^^^^^^^^^^^^
    )
    ^
  File "C:\Users\C\AppData\Local\Programs\Python\Python314\Lib\site-packages\django\db\models\manager.py", line 87, in manager_method
    return getattr(self.get_queryset(), name)(*args, **kwargs)
           ~~~~~~~~~~~~~~~~~~~~~~~~~~~~~~~~~~^^^^^^^^^^^^^^^^^
  File "C:\Users\C\AppData\Local\Programs\Python\Python314\Lib\site-packages\django\db\models\query.py", line 989, in get_or_create
    params = self._extract_model_params(defaults, **kwargs)
  File "C:\Users\C\AppData\Local\Programs\Python\Python314\Lib\site-packages\django\db\models\query.py", line 1087, in _extract_model_params
    raise exceptions.FieldError(
    ...<5 lines>...
    )
django.core.exceptions.FieldError: Invalid field name(s) for model Theme: 'accent_color', 'bg_color', 'border_color', 'button_color', 'hover_color', 'primary_color', 'secondary_color', 'text_color'.
2026-07-13 18:41:49,828 [ERROR] Internal Server Error: /brand/1/
Traceback (most recent call last):
  File "C:\Users\C\AppData\Local\Programs\Python\Python314\Lib\site-packages\django\db\models\query.py", line 987, in get_or_create
    return self.get(**kwargs), False
           ~~~~~~~~^^^^^^^^^^
  File "C:\Users\C\AppData\Local\Programs\Python\Python314\Lib\site-packages\django\db\models\query.py", line 639, in get
    raise self.model.DoesNotExist(
        "%s matching query does not exist." % self.model._meta.object_name
    )
themes.models.Theme.DoesNotExist: Theme matching query does not exist.

During handling of the above exception, another exception occurred:

Traceback (most recent call last):
  File "C:\Users\C\AppData\Local\Programs\Python\Python314\Lib\site-packages\django\core\handlers\exception.py", line 55, in inner
    response = get_response(request)
  File "C:\Users\C\AppData\Local\Programs\Python\Python314\Lib\site-packages\django\core\handlers\base.py", line 198, in _get_response
    response = wrapped_callback(request, *callback_args, **callback_kwargs)
  File "C:\my django\my-ecommerce\products\views.py", line 318, in brand_detail
    return render(
        request,
    ...<17 lines>...
        }
    )
  File "C:\Users\C\AppData\Local\Programs\Python\Python314\Lib\site-packages\django\shortcuts.py", line 25, in render
    content = loader.render_to_string(template_name, context, request, using=using)
  File "C:\Users\C\AppData\Local\Programs\Python\Python314\Lib\site-packages\django\template\loader.py", line 62, in render_to_string
    return template.render(context, request)
           ~~~~~~~~~~~~~~~^^^^^^^^^^^^^^^^^^
  File "C:\Users\C\AppData\Local\Programs\Python\Python314\Lib\site-packages\django\template\backends\django.py", line 107, in render
    return self.template.render(context)
           ~~~~~~~~~~~~~~~~~~~~^^^^^^^^^
  File "C:\Users\C\AppData\Local\Programs\Python\Python314\Lib\site-packages\django\template\base.py", line 172, in render
    with context.bind_template(self):
         ~~~~~~~~~~~~~~~~~~~~~^^^^^^
  File "C:\Users\C\AppData\Local\Programs\Python\Python314\Lib\contextlib.py", line 141, in __enter__
    return next(self.gen)
  File "C:\Users\C\AppData\Local\Programs\Python\Python314\Lib\site-packages\django\template\context.py", line 263, in bind_template
    context = processor(self.request)
  File "C:\my django\my-ecommerce\themes\context_processors.py", line 14, in layout_processor
    active_theme = get_active_theme(request)
  File "C:\my django\my-ecommerce\themes\services.py", line 619, in get_active_theme
    active_theme = ensure_default_theme()
  File "C:\my django\my-ecommerce\themes\services.py", line 141, in ensure_default_theme
    theme, _ = Theme.objects.get_or_create(
               ~~~~~~~~~~~~~~~~~~~~~~~~~~~^
        slug=payload["slug"],
        ^^^^^^^^^^^^^^^^^^^^^
        defaults=payload,
        ^^^^^^^^^^^^^^^^^
    )
    ^
  File "C:\Users\C\AppData\Local\Programs\Python\Python314\Lib\site-packages\django\db\models\manager.py", line 87, in manager_method
    return getattr(self.get_queryset(), name)(*args, **kwargs)
           ~~~~~~~~~~~~~~~~~~~~~~~~~~~~~~~~~~^^^^^^^^^^^^^^^^^
  File "C:\Users\C\AppData\Local\Programs\Python\Python314\Lib\site-packages\django\db\models\query.py", line 989, in get_or_create
    params = self._extract_model_params(defaults, **kwargs)
  File "C:\Users\C\AppData\Local\Programs\Python\Python314\Lib\site-packages\django\db\models\query.py", line 1087, in _extract_model_params
    raise exceptions.FieldError(
    ...<5 lines>...
    )
django.core.exceptions.FieldError: Invalid field name(s) for model Theme: 'accent_color', 'bg_color', 'border_color', 'button_color', 'hover_color', 'primary_color', 'secondary_color', 'text_color'.
2026-07-13 18:42:31,635 [DEBUG] --- Resolving 'header' ---
2026-07-13 18:42:31,635 [DEBUG] Active Theme Slug: default
2026-07-13 18:42:31,635 [DEBUG] Theme's desired layout ('header_layout'): header1
2026-07-13 18:42:31,635 [DEBUG] Candidate Paths: ['themes/default/header/header1.html', 'themes/default/layouts/header/header1.html']
2026-07-13 18:42:31,635 [DEBUG] Checking candidate: themes/default/header/header1.html
2026-07-13 18:42:31,637 [DEBUG] SUCCESS: Template found at 'themes/default/header/header1.html'
2026-07-13 18:42:31,637 [DEBUG] Final resolved path: themes/default/header/header1.html
2026-07-13 18:42:31,637 [DEBUG] ----------------------------------
2026-07-13 18:42:32,195 [DEBUG] --- Resolving 'header' ---
2026-07-13 18:42:32,195 [DEBUG] Active Theme Slug: default
2026-07-13 18:42:32,196 [DEBUG] Theme's desired layout ('header_layout'): header1
2026-07-13 18:42:32,196 [DEBUG] Candidate Paths: ['themes/default/header/header1.html', 'themes/default/layouts/header/header1.html']
2026-07-13 18:42:32,196 [DEBUG] Checking candidate: themes/default/header/header1.html
2026-07-13 18:42:32,196 [DEBUG] SUCCESS: Template found at 'themes/default/header/header1.html'
2026-07-13 18:42:32,196 [DEBUG] Final resolved path: themes/default/header/header1.html
2026-07-13 18:42:32,196 [DEBUG] ----------------------------------
2026-07-13 18:42:32,791 [DEBUG] --- Resolving 'header' ---
2026-07-13 18:42:32,791 [DEBUG] Active Theme Slug: default
2026-07-13 18:42:32,791 [DEBUG] Theme's desired layout ('header_layout'): header1
2026-07-13 18:42:32,791 [DEBUG] Candidate Paths: ['themes/default/header/header1.html', 'themes/default/layouts/header/header1.html']
2026-07-13 18:42:32,791 [DEBUG] Checking candidate: themes/default/header/header1.html
2026-07-13 18:42:32,791 [DEBUG] SUCCESS: Template found at 'themes/default/header/header1.html'
2026-07-13 18:42:32,791 [DEBUG] Final resolved path: themes/default/header/header1.html
2026-07-13 18:42:32,791 [DEBUG] ----------------------------------
2026-07-13 18:43:48,764 [DEBUG] --- Resolving 'header' ---
2026-07-13 18:43:48,764 [DEBUG] Active Theme Slug: default
2026-07-13 18:43:48,764 [DEBUG] Theme's desired layout ('header_layout'): header1
2026-07-13 18:43:48,764 [DEBUG] Candidate Paths: ['themes/default/header/header1.html', 'themes/default/layouts/header/header1.html']
2026-07-13 18:43:48,764 [DEBUG] Checking candidate: themes/default/header/header1.html
2026-07-13 18:43:48,766 [DEBUG] SUCCESS: Template found at 'themes/default/header/header1.html'
2026-07-13 18:43:48,766 [DEBUG] Final resolved path: themes/default/header/header1.html
2026-07-13 18:43:48,766 [DEBUG] ----------------------------------
2026-07-13 18:43:49,319 [DEBUG] --- Resolving 'header' ---
2026-07-13 18:43:49,319 [DEBUG] Active Theme Slug: default
2026-07-13 18:43:49,319 [DEBUG] Theme's desired layout ('header_layout'): header1
2026-07-13 18:43:49,319 [DEBUG] Candidate Paths: ['themes/default/header/header1.html', 'themes/default/layouts/header/header1.html']
2026-07-13 18:43:49,319 [DEBUG] Checking candidate: themes/default/header/header1.html
2026-07-13 18:43:49,319 [DEBUG] SUCCESS: Template found at 'themes/default/header/header1.html'
2026-07-13 18:43:49,319 [DEBUG] Final resolved path: themes/default/header/header1.html
2026-07-13 18:43:49,319 [DEBUG] ----------------------------------
2026-07-13 18:43:49,893 [DEBUG] --- Resolving 'header' ---
2026-07-13 18:43:49,893 [DEBUG] Active Theme Slug: default
2026-07-13 18:43:49,893 [DEBUG] Theme's desired layout ('header_layout'): header1
2026-07-13 18:43:49,893 [DEBUG] Candidate Paths: ['themes/default/header/header1.html', 'themes/default/layouts/header/header1.html']
2026-07-13 18:43:49,893 [DEBUG] Checking candidate: themes/default/header/header1.html
2026-07-13 18:43:49,893 [DEBUG] SUCCESS: Template found at 'themes/default/header/header1.html'
2026-07-13 18:43:49,893 [DEBUG] Final resolved path: themes/default/header/header1.html
2026-07-13 18:43:49,893 [DEBUG] ----------------------------------
2026-07-13 18:43:56,018 [DEBUG] --- Resolving 'header' ---
2026-07-13 18:43:56,018 [DEBUG] Active Theme Slug: default
2026-07-13 18:43:56,018 [DEBUG] Theme's desired layout ('header_layout'): header1
2026-07-13 18:43:56,018 [DEBUG] Candidate Paths: ['themes/default/header/header1.html', 'themes/default/layouts/header/header1.html']
2026-07-13 18:43:56,018 [DEBUG] Checking candidate: themes/default/header/header1.html
2026-07-13 18:43:56,018 [DEBUG] SUCCESS: Template found at 'themes/default/header/header1.html'
2026-07-13 18:43:56,018 [DEBUG] Final resolved path: themes/default/header/header1.html
2026-07-13 18:43:56,018 [DEBUG] ----------------------------------
2026-07-13 18:43:56,531 [DEBUG] --- Resolving 'header' ---
2026-07-13 18:43:56,531 [DEBUG] Active Theme Slug: test-theme
2026-07-13 18:43:56,531 [DEBUG] Theme's desired layout ('header_layout'): header1
2026-07-13 18:43:56,531 [DEBUG] Candidate Paths: ['themes/default/header/header1.html', 'themes/default/layouts/header/header1.html']
2026-07-13 18:43:56,531 [DEBUG] Checking candidate: themes/default/header/header1.html
2026-07-13 18:43:56,531 [DEBUG] SUCCESS: Template found at 'themes/default/header/header1.html'
2026-07-13 18:43:56,531 [DEBUG] Final resolved path: themes/default/header/header1.html
2026-07-13 18:43:56,531 [DEBUG] ----------------------------------
2026-07-13 18:43:57,037 [DEBUG] --- Resolving 'header' ---
2026-07-13 18:43:57,037 [DEBUG] Active Theme Slug: test-theme
2026-07-13 18:43:57,037 [DEBUG] Theme's desired layout ('header_layout'): header1
2026-07-13 18:43:57,037 [DEBUG] Candidate Paths: ['themes/default/header/header1.html', 'themes/default/layouts/header/header1.html']
2026-07-13 18:43:57,037 [DEBUG] Checking candidate: themes/default/header/header1.html
2026-07-13 18:43:57,037 [DEBUG] SUCCESS: Template found at 'themes/default/header/header1.html'
2026-07-13 18:43:57,037 [DEBUG] Final resolved path: themes/default/header/header1.html
2026-07-13 18:43:57,037 [DEBUG] ----------------------------------
2026-07-13 18:43:58,085 [WARNING] Not Found: /my-orders/1/
2026-07-13 18:43:58,087 [WARNING] Not Found: /invoice/1/
2026-07-13 18:43:58,604 [DEBUG] --- Resolving 'header' ---
2026-07-13 18:43:58,604 [DEBUG] Active Theme Slug: test-theme
2026-07-13 18:43:58,604 [DEBUG] Theme's desired layout ('header_layout'): header1
2026-07-13 18:43:58,604 [DEBUG] Candidate Paths: ['themes/default/header/header1.html', 'themes/default/layouts/header/header1.html']
2026-07-13 18:43:58,604 [DEBUG] Checking candidate: themes/default/header/header1.html
2026-07-13 18:43:58,604 [DEBUG] SUCCESS: Template found at 'themes/default/header/header1.html'
2026-07-13 18:43:58,604 [DEBUG] Final resolved path: themes/default/header/header1.html
2026-07-13 18:43:58,604 [DEBUG] ----------------------------------
2026-07-13 18:43:59,602 [WARNING] Not Found: /order-success/1/
2026-07-13 18:44:00,101 [DEBUG] --- Resolving 'header' ---
2026-07-13 18:44:00,101 [DEBUG] Active Theme Slug: account-test
2026-07-13 18:44:00,101 [DEBUG] Theme's desired layout ('header_layout'): header1
2026-07-13 18:44:00,101 [DEBUG] Candidate Paths: ['themes/default/header/header1.html', 'themes/default/layouts/header/header1.html']
2026-07-13 18:44:00,102 [DEBUG] Checking candidate: themes/default/header/header1.html
2026-07-13 18:44:00,102 [DEBUG] SUCCESS: Template found at 'themes/default/header/header1.html'
2026-07-13 18:44:00,102 [DEBUG] Final resolved path: themes/default/header/header1.html
2026-07-13 18:44:00,102 [DEBUG] ----------------------------------
2026-07-13 18:44:00,603 [DEBUG] --- Resolving 'header' ---
2026-07-13 18:44:00,603 [DEBUG] Active Theme Slug: account-test
2026-07-13 18:44:00,603 [DEBUG] Theme's desired layout ('header_layout'): header1
2026-07-13 18:44:00,603 [DEBUG] Candidate Paths: ['themes/default/header/header1.html', 'themes/default/layouts/header/header1.html']
2026-07-13 18:44:00,603 [DEBUG] Checking candidate: themes/default/header/header1.html
2026-07-13 18:44:00,603 [DEBUG] SUCCESS: Template found at 'themes/default/header/header1.html'
2026-07-13 18:44:00,603 [DEBUG] Final resolved path: themes/default/header/header1.html
2026-07-13 18:44:00,603 [DEBUG] ----------------------------------
2026-07-13 18:44:02,125 [DEBUG] --- Resolving 'header' ---
2026-07-13 18:44:02,125 [DEBUG] Active Theme Slug: account-test
2026-07-13 18:44:02,125 [DEBUG] Theme's desired layout ('header_layout'): header1
2026-07-13 18:44:02,125 [DEBUG] Candidate Paths: ['themes/default/header/header1.html', 'themes/default/layouts/header/header1.html']
2026-07-13 18:44:02,125 [DEBUG] Checking candidate: themes/default/header/header1.html
2026-07-13 18:44:02,125 [DEBUG] SUCCESS: Template found at 'themes/default/header/header1.html'
2026-07-13 18:44:02,125 [DEBUG] Final resolved path: themes/default/header/header1.html
2026-07-13 18:44:02,125 [DEBUG] ----------------------------------
2026-07-13 18:44:03,183 [DEBUG] --- Resolving 'header' ---
2026-07-13 18:44:03,183 [DEBUG] Active Theme Slug: account-test
2026-07-13 18:44:03,183 [DEBUG] Theme's desired layout ('header_layout'): header1
2026-07-13 18:44:03,183 [DEBUG] Candidate Paths: ['themes/default/header/header1.html', 'themes/default/layouts/header/header1.html']
2026-07-13 18:44:03,183 [DEBUG] Checking candidate: themes/default/header/header1.html
2026-07-13 18:44:03,184 [DEBUG] SUCCESS: Template found at 'themes/default/header/header1.html'
2026-07-13 18:44:03,184 [DEBUG] Final resolved path: themes/default/header/header1.html
2026-07-13 18:44:03,184 [DEBUG] ----------------------------------
2026-07-13 18:44:33,273 [DEBUG] --- Resolving 'header' ---
2026-07-13 18:44:33,273 [DEBUG] Active Theme Slug: default
2026-07-13 18:44:33,273 [DEBUG] Theme's desired layout ('header_layout'): header1
2026-07-13 18:44:33,273 [DEBUG] Candidate Paths: ['themes/default/header/header1.html', 'themes/default/layouts/header/header1.html']
2026-07-13 18:44:33,273 [DEBUG] Checking candidate: themes/default/header/header1.html
2026-07-13 18:44:33,274 [DEBUG] SUCCESS: Template found at 'themes/default/header/header1.html'
2026-07-13 18:44:33,274 [DEBUG] Final resolved path: themes/default/header/header1.html
2026-07-13 18:44:33,274 [DEBUG] ----------------------------------
2026-07-13 18:44:33,815 [DEBUG] --- Resolving 'header' ---
2026-07-13 18:44:33,815 [DEBUG] Active Theme Slug: default
2026-07-13 18:44:33,815 [DEBUG] Theme's desired layout ('header_layout'): header1
2026-07-13 18:44:33,815 [DEBUG] Candidate Paths: ['themes/default/header/header1.html', 'themes/default/layouts/header/header1.html']
2026-07-13 18:44:33,815 [DEBUG] Checking candidate: themes/default/header/header1.html
2026-07-13 18:44:33,815 [DEBUG] SUCCESS: Template found at 'themes/default/header/header1.html'
2026-07-13 18:44:33,815 [DEBUG] Final resolved path: themes/default/header/header1.html
2026-07-13 18:44:33,816 [DEBUG] ----------------------------------
2026-07-13 18:44:34,363 [DEBUG] --- Resolving 'header' ---
2026-07-13 18:44:34,363 [DEBUG] Active Theme Slug: default
2026-07-13 18:44:34,363 [DEBUG] Theme's desired layout ('header_layout'): header1
2026-07-13 18:44:34,363 [DEBUG] Candidate Paths: ['themes/default/header/header1.html', 'themes/default/layouts/header/header1.html']
2026-07-13 18:44:34,363 [DEBUG] Checking candidate: themes/default/header/header1.html
2026-07-13 18:44:34,363 [DEBUG] SUCCESS: Template found at 'themes/default/header/header1.html'
2026-07-13 18:44:34,363 [DEBUG] Final resolved path: themes/default/header/header1.html
2026-07-13 18:44:34,363 [DEBUG] ----------------------------------
2026-07-13 18:44:52,464 [DEBUG] --- Resolving 'header' ---
2026-07-13 18:44:52,464 [DEBUG] Active Theme Slug: default
2026-07-13 18:44:52,465 [DEBUG] Theme's desired layout ('header_layout'): header1
2026-07-13 18:44:52,465 [DEBUG] Candidate Paths: ['themes/default/header/header1.html', 'themes/default/layouts/header/header1.html']
2026-07-13 18:44:52,465 [DEBUG] Checking candidate: themes/default/header/header1.html
2026-07-13 18:44:52,466 [DEBUG] SUCCESS: Template found at 'themes/default/header/header1.html'
2026-07-13 18:44:52,466 [DEBUG] Final resolved path: themes/default/header/header1.html
2026-07-13 18:44:52,466 [DEBUG] ----------------------------------
2026-07-13 18:44:53,029 [DEBUG] --- Resolving 'header' ---
2026-07-13 18:44:53,029 [DEBUG] Active Theme Slug: default
2026-07-13 18:44:53,029 [DEBUG] Theme's desired layout ('header_layout'): header1
2026-07-13 18:44:53,029 [DEBUG] Candidate Paths: ['themes/default/header/header1.html', 'themes/default/layouts/header/header1.html']
2026-07-13 18:44:53,029 [DEBUG] Checking candidate: themes/default/header/header1.html
2026-07-13 18:44:53,029 [DEBUG] SUCCESS: Template found at 'themes/default/header/header1.html'
2026-07-13 18:44:53,029 [DEBUG] Final resolved path: themes/default/header/header1.html
2026-07-13 18:44:53,029 [DEBUG] ----------------------------------
2026-07-13 18:44:53,572 [DEBUG] --- Resolving 'header' ---
2026-07-13 18:44:53,573 [DEBUG] Active Theme Slug: default
2026-07-13 18:44:53,573 [DEBUG] Theme's desired layout ('header_layout'): header1
2026-07-13 18:44:53,573 [DEBUG] Candidate Paths: ['themes/default/header/header1.html', 'themes/default/layouts/header/header1.html']
2026-07-13 18:44:53,573 [DEBUG] Checking candidate: themes/default/header/header1.html
2026-07-13 18:44:53,573 [DEBUG] SUCCESS: Template found at 'themes/default/header/header1.html'
2026-07-13 18:44:53,573 [DEBUG] Final resolved path: themes/default/header/header1.html
2026-07-13 18:44:53,573 [DEBUG] ----------------------------------
2026-07-13 18:44:59,297 [DEBUG] --- Resolving 'header' ---
2026-07-13 18:44:59,297 [DEBUG] Active Theme Slug: default
2026-07-13 18:44:59,297 [DEBUG] Theme's desired layout ('header_layout'): header1
2026-07-13 18:44:59,297 [DEBUG] Candidate Paths: ['themes/default/header/header1.html', 'themes/default/layouts/header/header1.html']
2026-07-13 18:44:59,297 [DEBUG] Checking candidate: themes/default/header/header1.html
2026-07-13 18:44:59,297 [DEBUG] SUCCESS: Template found at 'themes/default/header/header1.html'
2026-07-13 18:44:59,297 [DEBUG] Final resolved path: themes/default/header/header1.html
2026-07-13 18:44:59,297 [DEBUG] ----------------------------------
2026-07-13 18:44:59,823 [DEBUG] --- Resolving 'header' ---
2026-07-13 18:44:59,823 [DEBUG] Active Theme Slug: test-theme
2026-07-13 18:44:59,823 [DEBUG] Theme's desired layout ('header_layout'): header1
2026-07-13 18:44:59,823 [DEBUG] Candidate Paths: ['themes/default/header/header1.html', 'themes/default/layouts/header/header1.html']
2026-07-13 18:44:59,823 [DEBUG] Checking candidate: themes/default/header/header1.html
2026-07-13 18:44:59,823 [DEBUG] SUCCESS: Template found at 'themes/default/header/header1.html'
2026-07-13 18:44:59,823 [DEBUG] Final resolved path: themes/default/header/header1.html
2026-07-13 18:44:59,823 [DEBUG] ----------------------------------
2026-07-13 18:45:00,330 [DEBUG] --- Resolving 'header' ---
2026-07-13 18:45:00,330 [DEBUG] Active Theme Slug: test-theme
2026-07-13 18:45:00,330 [DEBUG] Theme's desired layout ('header_layout'): header1
2026-07-13 18:45:00,330 [DEBUG] Candidate Paths: ['themes/default/header/header1.html', 'themes/default/layouts/header/header1.html']
2026-07-13 18:45:00,330 [DEBUG] Checking candidate: themes/default/header/header1.html
2026-07-13 18:45:00,330 [DEBUG] SUCCESS: Template found at 'themes/default/header/header1.html'
2026-07-13 18:45:00,330 [DEBUG] Final resolved path: themes/default/header/header1.html
2026-07-13 18:45:00,330 [DEBUG] ----------------------------------
2026-07-13 18:45:01,317 [WARNING] Not Found: /my-orders/1/
2026-07-13 18:45:01,318 [WARNING] Not Found: /invoice/1/
2026-07-13 18:45:01,826 [DEBUG] --- Resolving 'header' ---
2026-07-13 18:45:01,826 [DEBUG] Active Theme Slug: test-theme
2026-07-13 18:45:01,826 [DEBUG] Theme's desired layout ('header_layout'): header1
2026-07-13 18:45:01,826 [DEBUG] Candidate Paths: ['themes/default/header/header1.html', 'themes/default/layouts/header/header1.html']
2026-07-13 18:45:01,826 [DEBUG] Checking candidate: themes/default/header/header1.html
2026-07-13 18:45:01,826 [DEBUG] SUCCESS: Template found at 'themes/default/header/header1.html'
2026-07-13 18:45:01,826 [DEBUG] Final resolved path: themes/default/header/header1.html
2026-07-13 18:45:01,826 [DEBUG] ----------------------------------
2026-07-13 18:45:02,840 [WARNING] Not Found: /order-success/1/
2026-07-13 18:45:03,335 [DEBUG] --- Resolving 'header' ---
2026-07-13 18:45:03,336 [DEBUG] Active Theme Slug: account-test
2026-07-13 18:45:03,336 [DEBUG] Theme's desired layout ('header_layout'): header1
2026-07-13 18:45:03,336 [DEBUG] Candidate Paths: ['themes/default/header/header1.html', 'themes/default/layouts/header/header1.html']
2026-07-13 18:45:03,336 [DEBUG] Checking candidate: themes/default/header/header1.html
2026-07-13 18:45:03,336 [DEBUG] SUCCESS: Template found at 'themes/default/header/header1.html'
2026-07-13 18:45:03,336 [DEBUG] Final resolved path: themes/default/header/header1.html
2026-07-13 18:45:03,336 [DEBUG] ----------------------------------
2026-07-13 18:45:03,836 [DEBUG] --- Resolving 'header' ---
2026-07-13 18:45:03,836 [DEBUG] Active Theme Slug: account-test
2026-07-13 18:45:03,836 [DEBUG] Theme's desired layout ('header_layout'): header1
2026-07-13 18:45:03,836 [DEBUG] Candidate Paths: ['themes/default/header/header1.html', 'themes/default/layouts/header/header1.html']
2026-07-13 18:45:03,837 [DEBUG] Checking candidate: themes/default/header/header1.html
2026-07-13 18:45:03,837 [DEBUG] SUCCESS: Template found at 'themes/default/header/header1.html'
2026-07-13 18:45:03,837 [DEBUG] Final resolved path: themes/default/header/header1.html
2026-07-13 18:45:03,837 [DEBUG] ----------------------------------
2026-07-13 18:45:05,350 [DEBUG] --- Resolving 'header' ---
2026-07-13 18:45:05,350 [DEBUG] Active Theme Slug: account-test
2026-07-13 18:45:05,350 [DEBUG] Theme's desired layout ('header_layout'): header1
2026-07-13 18:45:05,350 [DEBUG] Candidate Paths: ['themes/default/header/header1.html', 'themes/default/layouts/header/header1.html']
2026-07-13 18:45:05,350 [DEBUG] Checking candidate: themes/default/header/header1.html
2026-07-13 18:45:05,350 [DEBUG] SUCCESS: Template found at 'themes/default/header/header1.html'
2026-07-13 18:45:05,350 [DEBUG] Final resolved path: themes/default/header/header1.html
2026-07-13 18:45:05,350 [DEBUG] ----------------------------------
2026-07-13 18:45:06,372 [DEBUG] --- Resolving 'header' ---
2026-07-13 18:45:06,372 [DEBUG] Active Theme Slug: account-test
2026-07-13 18:45:06,372 [DEBUG] Theme's desired layout ('header_layout'): header1
2026-07-13 18:45:06,372 [DEBUG] Candidate Paths: ['themes/default/header/header1.html', 'themes/default/layouts/header/header1.html']
2026-07-13 18:45:06,372 [DEBUG] Checking candidate: themes/default/header/header1.html
2026-07-13 18:45:06,372 [DEBUG] SUCCESS: Template found at 'themes/default/header/header1.html'
2026-07-13 18:45:06,372 [DEBUG] Final resolved path: themes/default/header/header1.html
2026-07-13 18:45:06,372 [DEBUG] ----------------------------------
2026-07-13 18:45:13,322 [DEBUG] --- Resolving 'header' ---
2026-07-13 18:45:13,322 [DEBUG] Active Theme Slug: default
2026-07-13 18:45:13,322 [DEBUG] Theme's desired layout ('header_layout'): header1
2026-07-13 18:45:13,322 [DEBUG] Candidate Paths: ['themes/default/header/header1.html', 'themes/default/layouts/header/header1.html']
2026-07-13 18:45:13,322 [DEBUG] Checking candidate: themes/default/header/header1.html
2026-07-13 18:45:13,322 [DEBUG] SUCCESS: Template found at 'themes/default/header/header1.html'
2026-07-13 18:45:13,322 [DEBUG] Final resolved path: themes/default/header/header1.html
2026-07-13 18:45:13,322 [DEBUG] ----------------------------------
2026-07-13 18:45:13,347 [DEBUG] --- Resolving 'header' ---
2026-07-13 18:45:13,347 [DEBUG] Active Theme Slug: default
2026-07-13 18:45:13,347 [DEBUG] Theme's desired layout ('header_layout'): header1
2026-07-13 18:45:13,347 [DEBUG] Candidate Paths: ['themes/default/header/header1.html', 'themes/default/layouts/header/header1.html']
2026-07-13 18:45:13,347 [DEBUG] Checking candidate: themes/default/header/header1.html
2026-07-13 18:45:13,347 [DEBUG] SUCCESS: Template found at 'themes/default/header/header1.html'
2026-07-13 18:45:13,347 [DEBUG] Final resolved path: themes/default/header/header1.html
2026-07-13 18:45:13,347 [DEBUG] ----------------------------------
2026-07-13 18:45:13,368 [DEBUG] --- Resolving 'header' ---
2026-07-13 18:45:13,368 [DEBUG] Active Theme Slug: default
2026-07-13 18:45:13,368 [DEBUG] Theme's desired layout ('header_layout'): header1
2026-07-13 18:45:13,368 [DEBUG] Candidate Paths: ['themes/default/header/header1.html', 'themes/default/layouts/header/header1.html']
2026-07-13 18:45:13,368 [DEBUG] Checking candidate: themes/default/header/header1.html
2026-07-13 18:45:13,368 [DEBUG] SUCCESS: Template found at 'themes/default/header/header1.html'
2026-07-13 18:45:13,368 [DEBUG] Final resolved path: themes/default/header/header1.html
2026-07-13 18:45:13,369 [DEBUG] ----------------------------------
2026-07-13 18:45:13,391 [DEBUG] --- Resolving 'header' ---
2026-07-13 18:45:13,391 [DEBUG] Active Theme Slug: default
2026-07-13 18:45:13,391 [DEBUG] Theme's desired layout ('header_layout'): header1
2026-07-13 18:45:13,391 [DEBUG] Candidate Paths: ['themes/default/header/header1.html', 'themes/default/layouts/header/header1.html']
2026-07-13 18:45:13,391 [DEBUG] Checking candidate: themes/default/header/header1.html
2026-07-13 18:45:13,391 [DEBUG] SUCCESS: Template found at 'themes/default/header/header1.html'
2026-07-13 18:45:13,391 [DEBUG] Final resolved path: themes/default/header/header1.html
2026-07-13 18:45:13,391 [DEBUG] ----------------------------------
2026-07-13 18:45:13,413 [DEBUG] --- Resolving 'header' ---
2026-07-13 18:45:13,413 [DEBUG] Active Theme Slug: default
2026-07-13 18:45:13,413 [DEBUG] Theme's desired layout ('header_layout'): header1
2026-07-13 18:45:13,413 [DEBUG] Candidate Paths: ['themes/default/header/header1.html', 'themes/default/layouts/header/header1.html']
2026-07-13 18:45:13,413 [DEBUG] Checking candidate: themes/default/header/header1.html
2026-07-13 18:45:13,413 [DEBUG] SUCCESS: Template found at 'themes/default/header/header1.html'
2026-07-13 18:45:13,413 [DEBUG] Final resolved path: themes/default/header/header1.html
2026-07-13 18:45:13,413 [DEBUG] ----------------------------------
2026-07-13 18:45:13,440 [DEBUG] --- Resolving 'header' ---
2026-07-13 18:45:13,440 [DEBUG] Active Theme Slug: default
2026-07-13 18:45:13,440 [DEBUG] Theme's desired layout ('header_layout'): header1
2026-07-13 18:45:13,440 [DEBUG] Candidate Paths: ['themes/default/header/header1.html', 'themes/default/layouts/header/header1.html']
2026-07-13 18:45:13,440 [DEBUG] Checking candidate: themes/default/header/header1.html
2026-07-13 18:45:13,440 [DEBUG] SUCCESS: Template found at 'themes/default/header/header1.html'
2026-07-13 18:45:13,440 [DEBUG] Final resolved path: themes/default/header/header1.html
2026-07-13 18:45:13,440 [DEBUG] ----------------------------------
2026-07-13 18:45:13,466 [DEBUG] --- Resolving 'header' ---
2026-07-13 18:45:13,466 [DEBUG] Active Theme Slug: default
2026-07-13 18:45:13,466 [DEBUG] Theme's desired layout ('header_layout'): header1
2026-07-13 18:45:13,466 [DEBUG] Candidate Paths: ['themes/default/header/header1.html', 'themes/default/layouts/header/header1.html']
2026-07-13 18:45:13,466 [DEBUG] Checking candidate: themes/default/header/header1.html
2026-07-13 18:45:13,466 [DEBUG] SUCCESS: Template found at 'themes/default/header/header1.html'
2026-07-13 18:45:13,466 [DEBUG] Final resolved path: themes/default/header/header1.html
2026-07-13 18:45:13,466 [DEBUG] ----------------------------------
2026-07-13 18:45:13,503 [DEBUG] --- Resolving 'header' ---
2026-07-13 18:45:13,503 [DEBUG] Active Theme Slug: default
2026-07-13 18:45:13,503 [DEBUG] Theme's desired layout ('header_layout'): header1
2026-07-13 18:45:13,503 [DEBUG] Candidate Paths: ['themes/default/header/header1.html', 'themes/default/layouts/header/header1.html']
2026-07-13 18:45:13,503 [DEBUG] Checking candidate: themes/default/header/header1.html
2026-07-13 18:45:13,503 [DEBUG] SUCCESS: Template found at 'themes/default/header/header1.html'
2026-07-13 18:45:13,503 [DEBUG] Final resolved path: themes/default/header/header1.html
2026-07-13 18:45:13,503 [DEBUG] ----------------------------------
2026-07-13 18:45:13,539 [DEBUG] --- Resolving 'header' ---
2026-07-13 18:45:13,539 [DEBUG] Active Theme Slug: default
2026-07-13 18:45:13,539 [DEBUG] Theme's desired layout ('header_layout'): header1
2026-07-13 18:45:13,540 [DEBUG] Candidate Paths: ['themes/default/header/header1.html', 'themes/default/layouts/header/header1.html']
2026-07-13 18:45:13,540 [DEBUG] Checking candidate: themes/default/header/header1.html
2026-07-13 18:45:13,540 [DEBUG] SUCCESS: Template found at 'themes/default/header/header1.html'
2026-07-13 18:45:13,540 [DEBUG] Final resolved path: themes/default/header/header1.html
2026-07-13 18:45:13,540 [DEBUG] ----------------------------------
2026-07-13 18:45:13,563 [DEBUG] --- Resolving 'header' ---
2026-07-13 18:45:13,563 [DEBUG] Active Theme Slug: default
2026-07-13 18:45:13,563 [DEBUG] Theme's desired layout ('header_layout'): header1
2026-07-13 18:45:13,563 [DEBUG] Candidate Paths: ['themes/default/header/header1.html', 'themes/default/layouts/header/header1.html']
2026-07-13 18:45:13,563 [DEBUG] Checking candidate: themes/default/header/header1.html
2026-07-13 18:45:13,563 [DEBUG] SUCCESS: Template found at 'themes/default/header/header1.html'
2026-07-13 18:45:13,563 [DEBUG] Final resolved path: themes/default/header/header1.html
2026-07-13 18:45:13,563 [DEBUG] ----------------------------------
2026-07-13 18:45:13,584 [DEBUG] --- Resolving 'header' ---
2026-07-13 18:45:13,584 [DEBUG] Active Theme Slug: default
2026-07-13 18:45:13,584 [DEBUG] Theme's desired layout ('header_layout'): header1
2026-07-13 18:45:13,584 [DEBUG] Candidate Paths: ['themes/default/header/header1.html', 'themes/default/layouts/header/header1.html']
2026-07-13 18:45:13,584 [DEBUG] Checking candidate: themes/default/header/header1.html
2026-07-13 18:45:13,584 [DEBUG] SUCCESS: Template found at 'themes/default/header/header1.html'
2026-07-13 18:45:13,584 [DEBUG] Final resolved path: themes/default/header/header1.html
2026-07-13 18:45:13,584 [DEBUG] ----------------------------------
2026-07-13 18:45:13,611 [DEBUG] --- Resolving 'header' ---
2026-07-13 18:45:13,611 [DEBUG] Active Theme Slug: default
2026-07-13 18:45:13,611 [DEBUG] Theme's desired layout ('header_layout'): header1
2026-07-13 18:45:13,611 [DEBUG] Candidate Paths: ['themes/default/header/header1.html', 'themes/default/layouts/header/header1.html']
2026-07-13 18:45:13,611 [DEBUG] Checking candidate: themes/default/header/header1.html
2026-07-13 18:45:13,611 [DEBUG] SUCCESS: Template found at 'themes/default/header/header1.html'
2026-07-13 18:45:13,611 [DEBUG] Final resolved path: themes/default/header/header1.html
2026-07-13 18:45:13,611 [DEBUG] ----------------------------------
2026-07-13 18:45:15,452 [WARNING] Not Found: /fonts/file/108/
2026-07-13 18:47:06,755 [DEBUG] --- Resolving 'header' ---
2026-07-13 18:47:06,755 [DEBUG] Active Theme Slug: account-test
2026-07-13 18:47:06,755 [DEBUG] Theme's desired layout ('header_layout'): header1
2026-07-13 18:47:06,755 [DEBUG] Candidate Paths: ['themes/default/header/header1.html', 'themes/default/layouts/header/header1.html']
2026-07-13 18:47:06,755 [DEBUG] Checking candidate: themes/default/header/header1.html
2026-07-13 18:47:06,756 [DEBUG] SUCCESS: Template found at 'themes/default/header/header1.html'
2026-07-13 18:47:06,756 [DEBUG] Final resolved path: themes/default/header/header1.html
2026-07-13 18:47:06,756 [DEBUG] ----------------------------------
2026-07-13 18:47:07,259 [DEBUG] --- Resolving 'header' ---
2026-07-13 18:47:07,259 [DEBUG] Active Theme Slug: account-test
2026-07-13 18:47:07,259 [DEBUG] Theme's desired layout ('header_layout'): header1
2026-07-13 18:47:07,259 [DEBUG] Candidate Paths: ['themes/default/header/header1.html', 'themes/default/layouts/header/header1.html']
2026-07-13 18:47:07,259 [DEBUG] Checking candidate: themes/default/header/header1.html
2026-07-13 18:47:07,259 [DEBUG] SUCCESS: Template found at 'themes/default/header/header1.html'
2026-07-13 18:47:07,259 [DEBUG] Final resolved path: themes/default/header/header1.html
2026-07-13 18:47:07,260 [DEBUG] ----------------------------------
2026-07-13 18:47:08,761 [DEBUG] --- Resolving 'header' ---
2026-07-13 18:47:08,761 [DEBUG] Active Theme Slug: account-test
2026-07-13 18:47:08,761 [DEBUG] Theme's desired layout ('header_layout'): header1
2026-07-13 18:47:08,761 [DEBUG] Candidate Paths: ['themes/default/header/header1.html', 'themes/default/layouts/header/header1.html']
2026-07-13 18:47:08,761 [DEBUG] Checking candidate: themes/default/header/header1.html
2026-07-13 18:47:08,761 [DEBUG] SUCCESS: Template found at 'themes/default/header/header1.html'
2026-07-13 18:47:08,761 [DEBUG] Final resolved path: themes/default/header/header1.html
2026-07-13 18:47:08,761 [DEBUG] ----------------------------------
2026-07-13 18:47:09,781 [DEBUG] --- Resolving 'header' ---
2026-07-13 18:47:09,781 [DEBUG] Active Theme Slug: account-test
2026-07-13 18:47:09,781 [DEBUG] Theme's desired layout ('header_layout'): header1
2026-07-13 18:47:09,781 [DEBUG] Candidate Paths: ['themes/default/header/header1.html', 'themes/default/layouts/header/header1.html']
2026-07-13 18:47:09,781 [DEBUG] Checking candidate: themes/default/header/header1.html
2026-07-13 18:47:09,781 [DEBUG] SUCCESS: Template found at 'themes/default/header/header1.html'
2026-07-13 18:47:09,781 [DEBUG] Final resolved path: themes/default/header/header1.html
2026-07-13 18:47:09,781 [DEBUG] ----------------------------------
2026-07-13 18:47:17,416 [DEBUG] --- Resolving 'header' ---
2026-07-13 18:47:17,416 [DEBUG] Active Theme Slug: default
2026-07-13 18:47:17,416 [DEBUG] Theme's desired layout ('header_layout'): header1
2026-07-13 18:47:17,416 [DEBUG] Candidate Paths: ['themes/default/header/header1.html', 'themes/default/layouts/header/header1.html']
2026-07-13 18:47:17,416 [DEBUG] Checking candidate: themes/default/header/header1.html
2026-07-13 18:47:17,416 [DEBUG] SUCCESS: Template found at 'themes/default/header/header1.html'
2026-07-13 18:47:17,416 [DEBUG] Final resolved path: themes/default/header/header1.html
2026-07-13 18:47:17,416 [DEBUG] ----------------------------------
2026-07-13 18:47:17,440 [DEBUG] --- Resolving 'header' ---
2026-07-13 18:47:17,440 [DEBUG] Active Theme Slug: default
2026-07-13 18:47:17,440 [DEBUG] Theme's desired layout ('header_layout'): header1
2026-07-13 18:47:17,440 [DEBUG] Candidate Paths: ['themes/default/header/header1.html', 'themes/default/layouts/header/header1.html']
2026-07-13 18:47:17,440 [DEBUG] Checking candidate: themes/default/header/header1.html
2026-07-13 18:47:17,440 [DEBUG] SUCCESS: Template found at 'themes/default/header/header1.html'
2026-07-13 18:47:17,440 [DEBUG] Final resolved path: themes/default/header/header1.html
2026-07-13 18:47:17,440 [DEBUG] ----------------------------------
2026-07-13 18:47:17,461 [DEBUG] --- Resolving 'header' ---
2026-07-13 18:47:17,461 [DEBUG] Active Theme Slug: default
2026-07-13 18:47:17,461 [DEBUG] Theme's desired layout ('header_layout'): header1
2026-07-13 18:47:17,461 [DEBUG] Candidate Paths: ['themes/default/header/header1.html', 'themes/default/layouts/header/header1.html']
2026-07-13 18:47:17,461 [DEBUG] Checking candidate: themes/default/header/header1.html
2026-07-13 18:47:17,461 [DEBUG] SUCCESS: Template found at 'themes/default/header/header1.html'
2026-07-13 18:47:17,461 [DEBUG] Final resolved path: themes/default/header/header1.html
2026-07-13 18:47:17,461 [DEBUG] ----------------------------------
2026-07-13 18:47:17,484 [DEBUG] --- Resolving 'header' ---
2026-07-13 18:47:17,484 [DEBUG] Active Theme Slug: default
2026-07-13 18:47:17,484 [DEBUG] Theme's desired layout ('header_layout'): header1
2026-07-13 18:47:17,484 [DEBUG] Candidate Paths: ['themes/default/header/header1.html', 'themes/default/layouts/header/header1.html']
2026-07-13 18:47:17,484 [DEBUG] Checking candidate: themes/default/header/header1.html
2026-07-13 18:47:17,484 [DEBUG] SUCCESS: Template found at 'themes/default/header/header1.html'
2026-07-13 18:47:17,484 [DEBUG] Final resolved path: themes/default/header/header1.html
2026-07-13 18:47:17,484 [DEBUG] ----------------------------------
2026-07-13 18:47:17,505 [DEBUG] --- Resolving 'header' ---
2026-07-13 18:47:17,506 [DEBUG] Active Theme Slug: default
2026-07-13 18:47:17,506 [DEBUG] Theme's desired layout ('header_layout'): header1
2026-07-13 18:47:17,506 [DEBUG] Candidate Paths: ['themes/default/header/header1.html', 'themes/default/layouts/header/header1.html']
2026-07-13 18:47:17,506 [DEBUG] Checking candidate: themes/default/header/header1.html
2026-07-13 18:47:17,506 [DEBUG] SUCCESS: Template found at 'themes/default/header/header1.html'
2026-07-13 18:47:17,506 [DEBUG] Final resolved path: themes/default/header/header1.html
2026-07-13 18:47:17,506 [DEBUG] ----------------------------------
2026-07-13 18:47:17,528 [DEBUG] --- Resolving 'header' ---
2026-07-13 18:47:17,528 [DEBUG] Active Theme Slug: default
2026-07-13 18:47:17,528 [DEBUG] Theme's desired layout ('header_layout'): header1
2026-07-13 18:47:17,528 [DEBUG] Candidate Paths: ['themes/default/header/header1.html', 'themes/default/layouts/header/header1.html']
2026-07-13 18:47:17,528 [DEBUG] Checking candidate: themes/default/header/header1.html
2026-07-13 18:47:17,528 [DEBUG] SUCCESS: Template found at 'themes/default/header/header1.html'
2026-07-13 18:47:17,528 [DEBUG] Final resolved path: themes/default/header/header1.html
2026-07-13 18:47:17,528 [DEBUG] ----------------------------------
2026-07-13 18:47:17,551 [DEBUG] --- Resolving 'header' ---
2026-07-13 18:47:17,552 [DEBUG] Active Theme Slug: default
2026-07-13 18:47:17,552 [DEBUG] Theme's desired layout ('header_layout'): header1
2026-07-13 18:47:17,552 [DEBUG] Candidate Paths: ['themes/default/header/header1.html', 'themes/default/layouts/header/header1.html']
2026-07-13 18:47:17,552 [DEBUG] Checking candidate: themes/default/header/header1.html
2026-07-13 18:47:17,552 [DEBUG] SUCCESS: Template found at 'themes/default/header/header1.html'
2026-07-13 18:47:17,552 [DEBUG] Final resolved path: themes/default/header/header1.html
2026-07-13 18:47:17,552 [DEBUG] ----------------------------------
2026-07-13 18:47:17,584 [DEBUG] --- Resolving 'header' ---
2026-07-13 18:47:17,584 [DEBUG] Active Theme Slug: default
2026-07-13 18:47:17,584 [DEBUG] Theme's desired layout ('header_layout'): header1
2026-07-13 18:47:17,584 [DEBUG] Candidate Paths: ['themes/default/header/header1.html', 'themes/default/layouts/header/header1.html']
2026-07-13 18:47:17,584 [DEBUG] Checking candidate: themes/default/header/header1.html
2026-07-13 18:47:17,584 [DEBUG] SUCCESS: Template found at 'themes/default/header/header1.html'
2026-07-13 18:47:17,584 [DEBUG] Final resolved path: themes/default/header/header1.html
2026-07-13 18:47:17,584 [DEBUG] ----------------------------------
2026-07-13 18:47:17,620 [DEBUG] --- Resolving 'header' ---
2026-07-13 18:47:17,620 [DEBUG] Active Theme Slug: default
2026-07-13 18:47:17,620 [DEBUG] Theme's desired layout ('header_layout'): header1
2026-07-13 18:47:17,620 [DEBUG] Candidate Paths: ['themes/default/header/header1.html', 'themes/default/layouts/header/header1.html']
2026-07-13 18:47:17,620 [DEBUG] Checking candidate: themes/default/header/header1.html
2026-07-13 18:47:17,620 [DEBUG] SUCCESS: Template found at 'themes/default/header/header1.html'
2026-07-13 18:47:17,620 [DEBUG] Final resolved path: themes/default/header/header1.html
2026-07-13 18:47:17,620 [DEBUG] ----------------------------------
2026-07-13 18:47:17,643 [DEBUG] --- Resolving 'header' ---
2026-07-13 18:47:17,643 [DEBUG] Active Theme Slug: default
2026-07-13 18:47:17,643 [DEBUG] Theme's desired layout ('header_layout'): header1
2026-07-13 18:47:17,643 [DEBUG] Candidate Paths: ['themes/default/header/header1.html', 'themes/default/layouts/header/header1.html']
2026-07-13 18:47:17,643 [DEBUG] Checking candidate: themes/default/header/header1.html
2026-07-13 18:47:17,643 [DEBUG] SUCCESS: Template found at 'themes/default/header/header1.html'
2026-07-13 18:47:17,643 [DEBUG] Final resolved path: themes/default/header/header1.html
2026-07-13 18:47:17,643 [DEBUG] ----------------------------------
2026-07-13 18:47:17,663 [DEBUG] --- Resolving 'header' ---
2026-07-13 18:47:17,663 [DEBUG] Active Theme Slug: default
2026-07-13 18:47:17,663 [DEBUG] Theme's desired layout ('header_layout'): header1
2026-07-13 18:47:17,663 [DEBUG] Candidate Paths: ['themes/default/header/header1.html', 'themes/default/layouts/header/header1.html']
2026-07-13 18:47:17,663 [DEBUG] Checking candidate: themes/default/header/header1.html
2026-07-13 18:47:17,663 [DEBUG] SUCCESS: Template found at 'themes/default/header/header1.html'
2026-07-13 18:47:17,664 [DEBUG] Final resolved path: themes/default/header/header1.html
2026-07-13 18:47:17,664 [DEBUG] ----------------------------------
2026-07-13 18:47:17,689 [DEBUG] --- Resolving 'header' ---
2026-07-13 18:47:17,689 [DEBUG] Active Theme Slug: default
2026-07-13 18:47:17,689 [DEBUG] Theme's desired layout ('header_layout'): header1
2026-07-13 18:47:17,689 [DEBUG] Candidate Paths: ['themes/default/header/header1.html', 'themes/default/layouts/header/header1.html']
2026-07-13 18:47:17,689 [DEBUG] Checking candidate: themes/default/header/header1.html
2026-07-13 18:47:17,689 [DEBUG] SUCCESS: Template found at 'themes/default/header/header1.html'
2026-07-13 18:47:17,689 [DEBUG] Final resolved path: themes/default/header/header1.html
2026-07-13 18:47:17,689 [DEBUG] ----------------------------------
2026-07-13 18:47:18,197 [DEBUG] --- Resolving 'header' ---
2026-07-13 18:47:18,197 [DEBUG] Active Theme Slug: default
2026-07-13 18:47:18,197 [DEBUG] Theme's desired layout ('header_layout'): header1
2026-07-13 18:47:18,197 [DEBUG] Candidate Paths: ['themes/default/header/header1.html', 'themes/default/layouts/header/header1.html']
2026-07-13 18:47:18,197 [DEBUG] Checking candidate: themes/default/header/header1.html
2026-07-13 18:47:18,197 [DEBUG] SUCCESS: Template found at 'themes/default/header/header1.html'
2026-07-13 18:47:18,197 [DEBUG] Final resolved path: themes/default/header/header1.html
2026-07-13 18:47:18,197 [DEBUG] ----------------------------------
2026-07-13 18:47:18,704 [DEBUG] --- Resolving 'header' ---
2026-07-13 18:47:18,704 [DEBUG] Active Theme Slug: default
2026-07-13 18:47:18,704 [DEBUG] Theme's desired layout ('header_layout'): header1
2026-07-13 18:47:18,704 [DEBUG] Candidate Paths: ['themes/default/header/header1.html', 'themes/default/layouts/header/header1.html']
2026-07-13 18:47:18,704 [DEBUG] Checking candidate: themes/default/header/header1.html
2026-07-13 18:47:18,704 [DEBUG] SUCCESS: Template found at 'themes/default/header/header1.html'
2026-07-13 18:47:18,705 [DEBUG] Final resolved path: themes/default/header/header1.html
2026-07-13 18:47:18,705 [DEBUG] ----------------------------------
2026-07-13 18:47:19,220 [DEBUG] --- Resolving 'header' ---
2026-07-13 18:47:19,220 [DEBUG] Active Theme Slug: default
2026-07-13 18:47:19,220 [DEBUG] Theme's desired layout ('header_layout'): header1
2026-07-13 18:47:19,220 [DEBUG] Candidate Paths: ['themes/default/header/header1.html', 'themes/default/layouts/header/header1.html']
2026-07-13 18:47:19,220 [DEBUG] Checking candidate: themes/default/header/header1.html
2026-07-13 18:47:19,220 [DEBUG] SUCCESS: Template found at 'themes/default/header/header1.html'
2026-07-13 18:47:19,220 [DEBUG] Final resolved path: themes/default/header/header1.html
2026-07-13 18:47:19,220 [DEBUG] ----------------------------------
2026-07-13 18:47:20,230 [DEBUG] --- Resolving 'header' ---
2026-07-13 18:47:20,230 [DEBUG] Active Theme Slug: default
2026-07-13 18:47:20,230 [DEBUG] Theme's desired layout ('header_layout'): header1
2026-07-13 18:47:20,230 [DEBUG] Candidate Paths: ['themes/default/header/header1.html', 'themes/default/layouts/header/header1.html']
2026-07-13 18:47:20,230 [DEBUG] Checking candidate: themes/default/header/header1.html
2026-07-13 18:47:20,230 [DEBUG] SUCCESS: Template found at 'themes/default/header/header1.html'
2026-07-13 18:47:20,230 [DEBUG] Final resolved path: themes/default/header/header1.html
2026-07-13 18:47:20,230 [DEBUG] ----------------------------------
2026-07-13 18:47:20,261 [DEBUG] --- Resolving 'header' ---
2026-07-13 18:47:20,261 [DEBUG] Active Theme Slug: default
2026-07-13 18:47:20,261 [DEBUG] Theme's desired layout ('header_layout'): header1
2026-07-13 18:47:20,261 [DEBUG] Candidate Paths: ['themes/default/header/header1.html', 'themes/default/layouts/header/header1.html']
2026-07-13 18:47:20,261 [DEBUG] Checking candidate: themes/default/header/header1.html
2026-07-13 18:47:20,261 [DEBUG] SUCCESS: Template found at 'themes/default/header/header1.html'
2026-07-13 18:47:20,261 [DEBUG] Final resolved path: themes/default/header/header1.html
2026-07-13 18:47:20,261 [DEBUG] ----------------------------------
2026-07-13 18:47:22,039 [WARNING] Not Found: /fonts/file/108/
2026-07-13 18:47:25,362 [DEBUG] --- Resolving 'header' ---
2026-07-13 18:47:25,362 [DEBUG] Active Theme Slug: test-theme
2026-07-13 18:47:25,362 [DEBUG] Theme's desired layout ('header_layout'): header1
2026-07-13 18:47:25,362 [DEBUG] Candidate Paths: ['themes/default/header/header1.html', 'themes/default/layouts/header/header1.html']
2026-07-13 18:47:25,362 [DEBUG] Checking candidate: themes/default/header/header1.html
2026-07-13 18:47:25,362 [DEBUG] SUCCESS: Template found at 'themes/default/header/header1.html'
2026-07-13 18:47:25,362 [DEBUG] Final resolved path: themes/default/header/header1.html
2026-07-13 18:47:25,362 [DEBUG] ----------------------------------
2026-07-13 18:47:25,866 [DEBUG] --- Resolving 'header' ---
2026-07-13 18:47:25,867 [DEBUG] Active Theme Slug: test-theme
2026-07-13 18:47:25,867 [DEBUG] Theme's desired layout ('header_layout'): header1
2026-07-13 18:47:25,867 [DEBUG] Candidate Paths: ['themes/default/header/header1.html', 'themes/default/layouts/header/header1.html']
2026-07-13 18:47:25,867 [DEBUG] Checking candidate: themes/default/header/header1.html
2026-07-13 18:47:25,867 [DEBUG] SUCCESS: Template found at 'themes/default/header/header1.html'
2026-07-13 18:47:25,867 [DEBUG] Final resolved path: themes/default/header/header1.html
2026-07-13 18:47:25,867 [DEBUG] ----------------------------------
2026-07-13 18:47:26,868 [WARNING] Not Found: /my-orders/1/
2026-07-13 18:47:26,869 [WARNING] Not Found: /invoice/1/
2026-07-13 18:47:27,384 [DEBUG] --- Resolving 'header' ---
2026-07-13 18:47:27,384 [DEBUG] Active Theme Slug: test-theme
2026-07-13 18:47:27,384 [DEBUG] Theme's desired layout ('header_layout'): header1
2026-07-13 18:47:27,384 [DEBUG] Candidate Paths: ['themes/default/header/header1.html', 'themes/default/layouts/header/header1.html']
2026-07-13 18:47:27,384 [DEBUG] Checking candidate: themes/default/header/header1.html
2026-07-13 18:47:27,384 [DEBUG] SUCCESS: Template found at 'themes/default/header/header1.html'
2026-07-13 18:47:27,384 [DEBUG] Final resolved path: themes/default/header/header1.html
2026-07-13 18:47:27,384 [DEBUG] ----------------------------------
2026-07-13 18:47:28,404 [WARNING] Not Found: /order-success/1/
2026-07-13 18:47:32,572 [DEBUG] --- Resolving 'header' ---
2026-07-13 18:47:32,572 [DEBUG] Active Theme Slug: default
2026-07-13 18:47:32,572 [DEBUG] Theme's desired layout ('header_layout'): header1
2026-07-13 18:47:32,572 [DEBUG] Candidate Paths: ['themes/default/header/header1.html', 'themes/default/layouts/header/header1.html']
2026-07-13 18:47:32,573 [DEBUG] Checking candidate: themes/default/header/header1.html
2026-07-13 18:47:32,573 [DEBUG] SUCCESS: Template found at 'themes/default/header/header1.html'
2026-07-13 18:47:32,573 [DEBUG] Final resolved path: themes/default/header/header1.html
2026-07-13 18:47:32,573 [DEBUG] ----------------------------------
2026-07-13 18:47:33,167 [DEBUG] --- Resolving 'header' ---
2026-07-13 18:47:33,167 [DEBUG] Active Theme Slug: default
2026-07-13 18:47:33,167 [DEBUG] Theme's desired layout ('header_layout'): header1
2026-07-13 18:47:33,167 [DEBUG] Candidate Paths: ['themes/default/header/header1.html', 'themes/default/layouts/header/header1.html']
2026-07-13 18:47:33,167 [DEBUG] Checking candidate: themes/default/header/header1.html
2026-07-13 18:47:33,167 [DEBUG] SUCCESS: Template found at 'themes/default/header/header1.html'
2026-07-13 18:47:33,167 [DEBUG] Final resolved path: themes/default/header/header1.html
2026-07-13 18:47:33,167 [DEBUG] ----------------------------------
2026-07-13 18:47:33,716 [DEBUG] --- Resolving 'header' ---
2026-07-13 18:47:33,717 [DEBUG] Active Theme Slug: default
2026-07-13 18:47:33,717 [DEBUG] Theme's desired layout ('header_layout'): header1
2026-07-13 18:47:33,717 [DEBUG] Candidate Paths: ['themes/default/header/header1.html', 'themes/default/layouts/header/header1.html']
2026-07-13 18:47:33,717 [DEBUG] Checking candidate: themes/default/header/header1.html
2026-07-13 18:47:33,717 [DEBUG] SUCCESS: Template found at 'themes/default/header/header1.html'
2026-07-13 18:47:33,717 [DEBUG] Final resolved path: themes/default/header/header1.html
2026-07-13 18:47:33,717 [DEBUG] ----------------------------------
2026-07-13 18:47:39,462 [DEBUG] --- Resolving 'header' ---
2026-07-13 18:47:39,462 [DEBUG] Active Theme Slug: default
2026-07-13 18:47:39,462 [DEBUG] Theme's desired layout ('header_layout'): header1
2026-07-13 18:47:39,462 [DEBUG] Candidate Paths: ['themes/default/header/header1.html', 'themes/default/layouts/header/header1.html']
2026-07-13 18:47:39,462 [DEBUG] Checking candidate: themes/default/header/header1.html
2026-07-13 18:47:39,462 [DEBUG] SUCCESS: Template found at 'themes/default/header/header1.html'
2026-07-13 18:47:39,462 [DEBUG] Final resolved path: themes/default/header/header1.html
2026-07-13 18:47:39,462 [DEBUG] ----------------------------------
2026-07-13 18:48:05,495 [DEBUG] --- Resolving 'header' ---
2026-07-13 18:48:05,495 [DEBUG] Active Theme Slug: default
2026-07-13 18:48:05,495 [DEBUG] Theme's desired layout ('header_layout'): header1
2026-07-13 18:48:05,495 [DEBUG] Candidate Paths: ['themes/default/header/header1.html', 'themes/default/layouts/header/header1.html']
2026-07-13 18:48:05,495 [DEBUG] Checking candidate: themes/default/header/header1.html
2026-07-13 18:48:05,497 [DEBUG] SUCCESS: Template found at 'themes/default/header/header1.html'
2026-07-13 18:48:05,497 [DEBUG] Final resolved path: themes/default/header/header1.html
2026-07-13 18:48:05,497 [DEBUG] ----------------------------------
2026-07-13 18:48:06,245 [DEBUG] --- Resolving 'header' ---
2026-07-13 18:48:06,246 [DEBUG] Active Theme Slug: default
2026-07-13 18:48:06,246 [DEBUG] Theme's desired layout ('header_layout'): header1
2026-07-13 18:48:06,246 [DEBUG] Candidate Paths: ['themes/default/header/header1.html', 'themes/default/layouts/header/header1.html']
2026-07-13 18:48:06,246 [DEBUG] Checking candidate: themes/default/header/header1.html
2026-07-13 18:48:06,246 [DEBUG] SUCCESS: Template found at 'themes/default/header/header1.html'
2026-07-13 18:48:06,247 [DEBUG] Final resolved path: themes/default/header/header1.html
2026-07-13 18:48:06,247 [DEBUG] ----------------------------------
2026-07-13 18:48:06,880 [DEBUG] --- Resolving 'header' ---
2026-07-13 18:48:06,881 [DEBUG] Active Theme Slug: default
2026-07-13 18:48:06,881 [DEBUG] Theme's desired layout ('header_layout'): header1
2026-07-13 18:48:06,881 [DEBUG] Candidate Paths: ['themes/default/header/header1.html', 'themes/default/layouts/header/header1.html']
2026-07-13 18:48:06,881 [DEBUG] Checking candidate: themes/default/header/header1.html
2026-07-13 18:48:06,881 [DEBUG] SUCCESS: Template found at 'themes/default/header/header1.html'
2026-07-13 18:48:06,881 [DEBUG] Final resolved path: themes/default/header/header1.html
2026-07-13 18:48:06,881 [DEBUG] ----------------------------------
2026-07-13 18:48:13,168 [DEBUG] --- Resolving 'header' ---
2026-07-13 18:48:13,168 [DEBUG] Active Theme Slug: default
2026-07-13 18:48:13,168 [DEBUG] Theme's desired layout ('header_layout'): header1
2026-07-13 18:48:13,168 [DEBUG] Candidate Paths: ['themes/default/header/header1.html', 'themes/default/layouts/header/header1.html']
2026-07-13 18:48:13,168 [DEBUG] Checking candidate: themes/default/header/header1.html
2026-07-13 18:48:13,168 [DEBUG] SUCCESS: Template found at 'themes/default/header/header1.html'
2026-07-13 18:48:13,168 [DEBUG] Final resolved path: themes/default/header/header1.html
2026-07-13 18:48:13,168 [DEBUG] ----------------------------------
2026-07-13 18:48:13,674 [DEBUG] --- Resolving 'header' ---
2026-07-13 18:48:13,674 [DEBUG] Active Theme Slug: test-theme
2026-07-13 18:48:13,674 [DEBUG] Theme's desired layout ('header_layout'): header1
2026-07-13 18:48:13,674 [DEBUG] Candidate Paths: ['themes/default/header/header1.html', 'themes/default/layouts/header/header1.html']
2026-07-13 18:48:13,674 [DEBUG] Checking candidate: themes/default/header/header1.html
2026-07-13 18:48:13,674 [DEBUG] SUCCESS: Template found at 'themes/default/header/header1.html'
2026-07-13 18:48:13,674 [DEBUG] Final resolved path: themes/default/header/header1.html
2026-07-13 18:48:13,674 [DEBUG] ----------------------------------
2026-07-13 18:48:14,191 [DEBUG] --- Resolving 'header' ---
2026-07-13 18:48:14,191 [DEBUG] Active Theme Slug: test-theme
2026-07-13 18:48:14,191 [DEBUG] Theme's desired layout ('header_layout'): header1
2026-07-13 18:48:14,191 [DEBUG] Candidate Paths: ['themes/default/header/header1.html', 'themes/default/layouts/header/header1.html']
2026-07-13 18:48:14,191 [DEBUG] Checking candidate: themes/default/header/header1.html
2026-07-13 18:48:14,191 [DEBUG] SUCCESS: Template found at 'themes/default/header/header1.html'
2026-07-13 18:48:14,191 [DEBUG] Final resolved path: themes/default/header/header1.html
2026-07-13 18:48:14,191 [DEBUG] ----------------------------------
2026-07-13 18:48:15,222 [WARNING] Not Found: /my-orders/1/
2026-07-13 18:48:15,224 [WARNING] Not Found: /invoice/1/
2026-07-13 18:48:15,740 [DEBUG] --- Resolving 'header' ---
2026-07-13 18:48:15,740 [DEBUG] Active Theme Slug: test-theme
2026-07-13 18:48:15,740 [DEBUG] Theme's desired layout ('header_layout'): header1
2026-07-13 18:48:15,740 [DEBUG] Candidate Paths: ['themes/default/header/header1.html', 'themes/default/layouts/header/header1.html']
2026-07-13 18:48:15,740 [DEBUG] Checking candidate: themes/default/header/header1.html
2026-07-13 18:48:15,740 [DEBUG] SUCCESS: Template found at 'themes/default/header/header1.html'
2026-07-13 18:48:15,740 [DEBUG] Final resolved path: themes/default/header/header1.html
2026-07-13 18:48:15,741 [DEBUG] ----------------------------------
2026-07-13 18:48:16,748 [WARNING] Not Found: /order-success/1/
2026-07-13 18:48:17,253 [DEBUG] --- Resolving 'header' ---
2026-07-13 18:48:17,253 [DEBUG] Active Theme Slug: account-test
2026-07-13 18:48:17,253 [DEBUG] Theme's desired layout ('header_layout'): header1
2026-07-13 18:48:17,253 [DEBUG] Candidate Paths: ['themes/default/header/header1.html', 'themes/default/layouts/header/header1.html']
2026-07-13 18:48:17,253 [DEBUG] Checking candidate: themes/default/header/header1.html
2026-07-13 18:48:17,253 [DEBUG] SUCCESS: Template found at 'themes/default/header/header1.html'
2026-07-13 18:48:17,253 [DEBUG] Final resolved path: themes/default/header/header1.html
2026-07-13 18:48:17,253 [DEBUG] ----------------------------------
2026-07-13 18:48:17,759 [DEBUG] --- Resolving 'header' ---
2026-07-13 18:48:17,759 [DEBUG] Active Theme Slug: account-test
2026-07-13 18:48:17,759 [DEBUG] Theme's desired layout ('header_layout'): header1
2026-07-13 18:48:17,759 [DEBUG] Candidate Paths: ['themes/default/header/header1.html', 'themes/default/layouts/header/header1.html']
2026-07-13 18:48:17,759 [DEBUG] Checking candidate: themes/default/header/header1.html
2026-07-13 18:48:17,759 [DEBUG] SUCCESS: Template found at 'themes/default/header/header1.html'
2026-07-13 18:48:17,759 [DEBUG] Final resolved path: themes/default/header/header1.html
2026-07-13 18:48:17,759 [DEBUG] ----------------------------------
2026-07-13 18:48:19,336 [DEBUG] --- Resolving 'header' ---
2026-07-13 18:48:19,336 [DEBUG] Active Theme Slug: account-test
2026-07-13 18:48:19,336 [DEBUG] Theme's desired layout ('header_layout'): header1
2026-07-13 18:48:19,336 [DEBUG] Candidate Paths: ['themes/default/header/header1.html', 'themes/default/layouts/header/header1.html']
2026-07-13 18:48:19,336 [DEBUG] Checking candidate: themes/default/header/header1.html
2026-07-13 18:48:19,336 [DEBUG] SUCCESS: Template found at 'themes/default/header/header1.html'
2026-07-13 18:48:19,336 [DEBUG] Final resolved path: themes/default/header/header1.html
2026-07-13 18:48:19,336 [DEBUG] ----------------------------------
2026-07-13 18:48:20,539 [DEBUG] --- Resolving 'header' ---
2026-07-13 18:48:20,539 [DEBUG] Active Theme Slug: account-test
2026-07-13 18:48:20,539 [DEBUG] Theme's desired layout ('header_layout'): header1
2026-07-13 18:48:20,539 [DEBUG] Candidate Paths: ['themes/default/header/header1.html', 'themes/default/layouts/header/header1.html']
2026-07-13 18:48:20,539 [DEBUG] Checking candidate: themes/default/header/header1.html
2026-07-13 18:48:20,539 [DEBUG] SUCCESS: Template found at 'themes/default/header/header1.html'
2026-07-13 18:48:20,539 [DEBUG] Final resolved path: themes/default/header/header1.html
2026-07-13 18:48:20,539 [DEBUG] ----------------------------------
2026-07-13 18:48:27,848 [DEBUG] --- Resolving 'header' ---
2026-07-13 18:48:27,849 [DEBUG] Active Theme Slug: default
2026-07-13 18:48:27,849 [DEBUG] Theme's desired layout ('header_layout'): header1
2026-07-13 18:48:27,849 [DEBUG] Candidate Paths: ['themes/default/header/header1.html', 'themes/default/layouts/header/header1.html']
2026-07-13 18:48:27,849 [DEBUG] Checking candidate: themes/default/header/header1.html
2026-07-13 18:48:27,849 [DEBUG] SUCCESS: Template found at 'themes/default/header/header1.html'
2026-07-13 18:48:27,849 [DEBUG] Final resolved path: themes/default/header/header1.html
2026-07-13 18:48:27,849 [DEBUG] ----------------------------------
2026-07-13 18:48:27,874 [DEBUG] --- Resolving 'header' ---
2026-07-13 18:48:27,874 [DEBUG] Active Theme Slug: default
2026-07-13 18:48:27,874 [DEBUG] Theme's desired layout ('header_layout'): header1
2026-07-13 18:48:27,874 [DEBUG] Candidate Paths: ['themes/default/header/header1.html', 'themes/default/layouts/header/header1.html']
2026-07-13 18:48:27,874 [DEBUG] Checking candidate: themes/default/header/header1.html
2026-07-13 18:48:27,874 [DEBUG] SUCCESS: Template found at 'themes/default/header/header1.html'
2026-07-13 18:48:27,874 [DEBUG] Final resolved path: themes/default/header/header1.html
2026-07-13 18:48:27,874 [DEBUG] ----------------------------------
2026-07-13 18:48:27,897 [DEBUG] --- Resolving 'header' ---
2026-07-13 18:48:27,897 [DEBUG] Active Theme Slug: default
2026-07-13 18:48:27,897 [DEBUG] Theme's desired layout ('header_layout'): header1
2026-07-13 18:48:27,897 [DEBUG] Candidate Paths: ['themes/default/header/header1.html', 'themes/default/layouts/header/header1.html']
2026-07-13 18:48:27,897 [DEBUG] Checking candidate: themes/default/header/header1.html
2026-07-13 18:48:27,898 [DEBUG] SUCCESS: Template found at 'themes/default/header/header1.html'
2026-07-13 18:48:27,898 [DEBUG] Final resolved path: themes/default/header/header1.html
2026-07-13 18:48:27,898 [DEBUG] ----------------------------------
2026-07-13 18:48:27,920 [DEBUG] --- Resolving 'header' ---
2026-07-13 18:48:27,920 [DEBUG] Active Theme Slug: default
2026-07-13 18:48:27,920 [DEBUG] Theme's desired layout ('header_layout'): header1
2026-07-13 18:48:27,920 [DEBUG] Candidate Paths: ['themes/default/header/header1.html', 'themes/default/layouts/header/header1.html']
2026-07-13 18:48:27,920 [DEBUG] Checking candidate: themes/default/header/header1.html
2026-07-13 18:48:27,920 [DEBUG] SUCCESS: Template found at 'themes/default/header/header1.html'
2026-07-13 18:48:27,920 [DEBUG] Final resolved path: themes/default/header/header1.html
2026-07-13 18:48:27,920 [DEBUG] ----------------------------------
2026-07-13 18:48:27,944 [DEBUG] --- Resolving 'header' ---
2026-07-13 18:48:27,944 [DEBUG] Active Theme Slug: default
2026-07-13 18:48:27,944 [DEBUG] Theme's desired layout ('header_layout'): header1
2026-07-13 18:48:27,944 [DEBUG] Candidate Paths: ['themes/default/header/header1.html', 'themes/default/layouts/header/header1.html']
2026-07-13 18:48:27,944 [DEBUG] Checking candidate: themes/default/header/header1.html
2026-07-13 18:48:27,944 [DEBUG] SUCCESS: Template found at 'themes/default/header/header1.html'
2026-07-13 18:48:27,944 [DEBUG] Final resolved path: themes/default/header/header1.html
2026-07-13 18:48:27,944 [DEBUG] ----------------------------------
2026-07-13 18:48:27,968 [DEBUG] --- Resolving 'header' ---
2026-07-13 18:48:27,968 [DEBUG] Active Theme Slug: default
2026-07-13 18:48:27,968 [DEBUG] Theme's desired layout ('header_layout'): header1
2026-07-13 18:48:27,968 [DEBUG] Candidate Paths: ['themes/default/header/header1.html', 'themes/default/layouts/header/header1.html']
2026-07-13 18:48:27,968 [DEBUG] Checking candidate: themes/default/header/header1.html
2026-07-13 18:48:27,968 [DEBUG] SUCCESS: Template found at 'themes/default/header/header1.html'
2026-07-13 18:48:27,968 [DEBUG] Final resolved path: themes/default/header/header1.html
2026-07-13 18:48:27,968 [DEBUG] ----------------------------------
2026-07-13 18:48:27,993 [DEBUG] --- Resolving 'header' ---
2026-07-13 18:48:27,993 [DEBUG] Active Theme Slug: default
2026-07-13 18:48:27,993 [DEBUG] Theme's desired layout ('header_layout'): header1
2026-07-13 18:48:27,993 [DEBUG] Candidate Paths: ['themes/default/header/header1.html', 'themes/default/layouts/header/header1.html']
2026-07-13 18:48:27,993 [DEBUG] Checking candidate: themes/default/header/header1.html
2026-07-13 18:48:27,993 [DEBUG] SUCCESS: Template found at 'themes/default/header/header1.html'
2026-07-13 18:48:27,993 [DEBUG] Final resolved path: themes/default/header/header1.html
2026-07-13 18:48:27,993 [DEBUG] ----------------------------------
2026-07-13 18:48:28,026 [DEBUG] --- Resolving 'header' ---
2026-07-13 18:48:28,027 [DEBUG] Active Theme Slug: default
2026-07-13 18:48:28,027 [DEBUG] Theme's desired layout ('header_layout'): header1
2026-07-13 18:48:28,027 [DEBUG] Candidate Paths: ['themes/default/header/header1.html', 'themes/default/layouts/header/header1.html']
2026-07-13 18:48:28,027 [DEBUG] Checking candidate: themes/default/header/header1.html
2026-07-13 18:48:28,027 [DEBUG] SUCCESS: Template found at 'themes/default/header/header1.html'
2026-07-13 18:48:28,027 [DEBUG] Final resolved path: themes/default/header/header1.html
2026-07-13 18:48:28,027 [DEBUG] ----------------------------------
2026-07-13 18:48:28,060 [DEBUG] --- Resolving 'header' ---
2026-07-13 18:48:28,060 [DEBUG] Active Theme Slug: default
2026-07-13 18:48:28,060 [DEBUG] Theme's desired layout ('header_layout'): header1
2026-07-13 18:48:28,060 [DEBUG] Candidate Paths: ['themes/default/header/header1.html', 'themes/default/layouts/header/header1.html']
2026-07-13 18:48:28,060 [DEBUG] Checking candidate: themes/default/header/header1.html
2026-07-13 18:48:28,060 [DEBUG] SUCCESS: Template found at 'themes/default/header/header1.html'
2026-07-13 18:48:28,060 [DEBUG] Final resolved path: themes/default/header/header1.html
2026-07-13 18:48:28,060 [DEBUG] ----------------------------------
2026-07-13 18:48:28,084 [DEBUG] --- Resolving 'header' ---
2026-07-13 18:48:28,084 [DEBUG] Active Theme Slug: default
2026-07-13 18:48:28,084 [DEBUG] Theme's desired layout ('header_layout'): header1
2026-07-13 18:48:28,084 [DEBUG] Candidate Paths: ['themes/default/header/header1.html', 'themes/default/layouts/header/header1.html']
2026-07-13 18:48:28,084 [DEBUG] Checking candidate: themes/default/header/header1.html
2026-07-13 18:48:28,084 [DEBUG] SUCCESS: Template found at 'themes/default/header/header1.html'
2026-07-13 18:48:28,084 [DEBUG] Final resolved path: themes/default/header/header1.html
2026-07-13 18:48:28,084 [DEBUG] ----------------------------------
2026-07-13 18:48:28,105 [DEBUG] --- Resolving 'header' ---
2026-07-13 18:48:28,105 [DEBUG] Active Theme Slug: default
2026-07-13 18:48:28,105 [DEBUG] Theme's desired layout ('header_layout'): header1
2026-07-13 18:48:28,105 [DEBUG] Candidate Paths: ['themes/default/header/header1.html', 'themes/default/layouts/header/header1.html']
2026-07-13 18:48:28,105 [DEBUG] Checking candidate: themes/default/header/header1.html
2026-07-13 18:48:28,105 [DEBUG] SUCCESS: Template found at 'themes/default/header/header1.html'
2026-07-13 18:48:28,105 [DEBUG] Final resolved path: themes/default/header/header1.html
2026-07-13 18:48:28,105 [DEBUG] ----------------------------------
2026-07-13 18:48:28,131 [DEBUG] --- Resolving 'header' ---
2026-07-13 18:48:28,131 [DEBUG] Active Theme Slug: default
2026-07-13 18:48:28,131 [DEBUG] Theme's desired layout ('header_layout'): header1
2026-07-13 18:48:28,131 [DEBUG] Candidate Paths: ['themes/default/header/header1.html', 'themes/default/layouts/header/header1.html']
2026-07-13 18:48:28,131 [DEBUG] Checking candidate: themes/default/header/header1.html
2026-07-13 18:48:28,131 [DEBUG] SUCCESS: Template found at 'themes/default/header/header1.html'
2026-07-13 18:48:28,131 [DEBUG] Final resolved path: themes/default/header/header1.html
2026-07-13 18:48:28,131 [DEBUG] ----------------------------------
2026-07-13 18:48:30,152 [WARNING] Not Found: /fonts/file/108/
2026-07-13 18:49:07,413 [DEBUG] --- Resolving 'header' ---
2026-07-13 18:49:07,414 [DEBUG] Active Theme Slug: default
2026-07-13 18:49:07,414 [DEBUG] Theme's desired layout ('header_layout'): header1
2026-07-13 18:49:07,414 [DEBUG] Candidate Paths: ['themes/default/header/header1.html', 'themes/default/layouts/header/header1.html']
2026-07-13 18:49:07,414 [DEBUG] Checking candidate: themes/default/header/header1.html
2026-07-13 18:49:07,415 [DEBUG] SUCCESS: Template found at 'themes/default/header/header1.html'
2026-07-13 18:49:07,415 [DEBUG] Final resolved path: themes/default/header/header1.html
2026-07-13 18:49:07,415 [DEBUG] ----------------------------------
